if [ ! -d ./bin/release ]; then mkdir -p ./bin/release; fi;
if [ ! -d ./build/release ]; then mkdir -p ./build/release; fi;
touch ./build/release/main.makedepend
makedepend -f./build/release/main.makedepend -p./build/release/ main.cc 2> /dev/null
make -C ../util/traces_enhanced
make -C gpgpu-sim
echo "const char *g_accelsim_version=\"accelsim-commit-71ae7c5889e2603ef108c5ef8c83dbfbc9cd22df_modified_0.0\";" > ./build/release/accelsim_version.h
make[1]: Entering directory '/home/cliu/wk/accorde/3rdparty/modern-gpu-simulator-micro-2025/simulator-remodeled/util/traces_enhanced'
g++ -fopenmp -Wall -O3 -g3 -fPIC -std=c++17   -I./build/release -I./trace-driven -I./trace-parser -I/home/cliu/wk/accorde/3rdparty/modern-gpu-simulator-micro-2025/simulator-remodeled/gpu-simulator/gpgpu-sim/libcuda -I/home/cliu/wk/accorde/3rdparty/modern-gpu-simulator-micro-2025/simulator-remodeled/gpu-simulator/gpgpu-sim/src -I/usr/local/cuda-12.4/include -c main.cc -o ./build/release/main.o
make[1]: Entering directory '/home/cliu/wk/accorde/3rdparty/modern-gpu-simulator-micro-2025/simulator-remodeled/gpu-simulator/gpgpu-sim'
Protocol buffer files generated
make[1]: Leaving directory '/home/cliu/wk/accorde/3rdparty/modern-gpu-simulator-micro-2025/simulator-remodeled/util/traces_enhanced'
make -C trace-driven depend
make -C trace-parser depend
make[1]: Entering directory '/home/cliu/wk/accorde/3rdparty/modern-gpu-simulator-micro-2025/simulator-remodeled/gpu-simulator/trace-driven'
make[1]: Entering directory '/home/cliu/wk/accorde/3rdparty/modern-gpu-simulator-micro-2025/simulator-remodeled/gpu-simulator/trace-parser'
touch ../build/release/trace-driven.Makefile.makedepend
touch ../build/release/trace-parser.Makefile.makedepend
makedepend -f../build/release/trace-driven.Makefile.makedepend -p../build/release/ trace_driven.cc 2> /dev/null
makedepend -f../build/release/trace-parser.Makefile.makedepend -p../build/release/ trace_parser.cc 2> /dev/null
make[1]: 'depend' is up to date.
make[1]: Leaving directory '/home/cliu/wk/accorde/3rdparty/modern-gpu-simulator-micro-2025/simulator-remodeled/gpu-simulator/trace-parser'
make -C trace-parser
make[1]: 'depend' is up to date.
make[1]: Leaving directory '/home/cliu/wk/accorde/3rdparty/modern-gpu-simulator-micro-2025/simulator-remodeled/gpu-simulator/trace-driven'
make -C trace-driven
make[1]: Entering directory '/home/cliu/wk/accorde/3rdparty/modern-gpu-simulator-micro-2025/simulator-remodeled/gpu-simulator/trace-parser'
make[1]: Entering directory '/home/cliu/wk/accorde/3rdparty/modern-gpu-simulator-micro-2025/simulator-remodeled/gpu-simulator/trace-driven'

	Building GPGPU-Sim version 4.2.0 (build gpgpu-sim_git-commit-71ae7c5889e2603ef108c5ef8c83dbfbc9cd22df_modified_0.0) with CUDA version 12.4


	Power model detected in default directory (/home/cliu/wk/accorde/3rdparty/modern-gpu-simulator-micro-2025/simulator-remodeled/gpu-simulator/gpgpu-sim/src/accelwattch) but GPGPUSIM_POWER_MODEL not set.
	Please re-run setup_environment or manually set GPGPUSIM_POWER_MODEL to the accelwattch directory if you would like to include the GPGPU-Sim Power Model.

touch ../build/release/trace-driven.Makefile.makedepend
touch ../build/release/trace-parser.Makefile.makedepend
makedepend -f../build/release/trace-driven.Makefile.makedepend -p../build/release/ trace_driven.cc 2> /dev/null
makedepend -f../build/release/trace-parser.Makefile.makedepend -p../build/release/ trace_parser.cc 2> /dev/null
if [ ! -d lib/gcc-/cuda-12040/release ]; then mkdir -p lib/gcc-/cuda-12040/release; fi;
if [ ! -d /home/cliu/wk/accorde/3rdparty/modern-gpu-simulator-micro-2025/simulator-remodeled/gpu-simulator/gpgpu-sim/build/gcc-/cuda-12040/release/libcuda ]; then mkdir -p /home/cliu/wk/accorde/3rdparty/modern-gpu-simulator-micro-2025/simulator-remodeled/gpu-simulator/gpgpu-sim/build/gcc-/cuda-12040/release/libcuda; fi;
if [ ! -d /home/cliu/wk/accorde/3rdparty/modern-gpu-simulator-micro-2025/simulator-remodeled/gpu-simulator/gpgpu-sim/build/gcc-/cuda-12040/release/cuda-sim ]; then mkdir -p /home/cliu/wk/accorde/3rdparty/modern-gpu-simulator-micro-2025/simulator-remodeled/gpu-simulator/gpgpu-sim/build/gcc-/cuda-12040/release/cuda-sim; fi;
Warning: gpgpu-sim is building without opencl support. Make sure NVOPENCL_LIBDIR and NVOPENCL_INCDIR are set
if [ ! -d /home/cliu/wk/accorde/3rdparty/modern-gpu-simulator-micro-2025/simulator-remodeled/gpu-simulator/gpgpu-sim/build/gcc-/cuda-12040/release/cuda-sim/decuda_pred_table ]; then mkdir -p /home/cliu/wk/accorde/3rdparty/modern-gpu-simulator-micro-2025/simulator-remodeled/gpu-simulator/gpgpu-sim/build/gcc-/cuda-12040/release/cuda-sim/decuda_pred_table; fi;
if [ ! -d /home/cliu/wk/accorde/3rdparty/modern-gpu-simulator-micro-2025/simulator-remodeled/gpu-simulator/gpgpu-sim/build/gcc-/cuda-12040/release/gpgpu-sim ]; then mkdir -p /home/cliu/wk/accorde/3rdparty/modern-gpu-simulator-micro-2025/simulator-remodeled/gpu-simulator/gpgpu-sim/build/gcc-/cuda-12040/release/gpgpu-sim; fi;
if [ ! -d /home/cliu/wk/accorde/3rdparty/modern-gpu-simulator-micro-2025/simulator-remodeled/gpu-simulator/gpgpu-sim/build/gcc-/cuda-12040/release/remodeling ]; then mkdir -p /home/cliu/wk/accorde/3rdparty/modern-gpu-simulator-micro-2025/simulator-remodeled/gpu-simulator/gpgpu-sim/build/gcc-/cuda-12040/release/remodeling; fi;
if [ ! -d /home/cliu/wk/accorde/3rdparty/modern-gpu-simulator-micro-2025/simulator-remodeled/gpu-simulator/gpgpu-sim/build/gcc-/cuda-12040/release/fusedMemory ]; then mkdir -p /home/cliu/wk/accorde/3rdparty/modern-gpu-simulator-micro-2025/simulator-remodeled/gpu-simulator/gpgpu-sim/build/gcc-/cuda-12040/release/fusedMemory; fi;
if [ ! -d /home/cliu/wk/accorde/3rdparty/modern-gpu-simulator-micro-2025/simulator-remodeled/gpu-simulator/gpgpu-sim/build/gcc-/cuda-12040/release/libopencl ]; then mkdir -p /home/cliu/wk/accorde/3rdparty/modern-gpu-simulator-micro-2025/simulator-remodeled/gpu-simulator/gpgpu-sim/build/gcc-/cuda-12040/release/libopencl; fi;
if [ ! -d /home/cliu/wk/accorde/3rdparty/modern-gpu-simulator-micro-2025/simulator-remodeled/gpu-simulator/gpgpu-sim/build/gcc-/cuda-12040/release/libopencl/bin ]; then mkdir -p /home/cliu/wk/accorde/3rdparty/modern-gpu-simulator-micro-2025/simulator-remodeled/gpu-simulator/gpgpu-sim/build/gcc-/cuda-12040/release/libopencl/bin; fi;
if [ ! -d /home/cliu/wk/accorde/3rdparty/modern-gpu-simulator-micro-2025/simulator-remodeled/gpu-simulator/gpgpu-sim/build/gcc-/cuda-12040/release/intersim2 ]; then mkdir -p /home/cliu/wk/accorde/3rdparty/modern-gpu-simulator-micro-2025/simulator-remodeled/gpu-simulator/gpgpu-sim/build/gcc-/cuda-12040/release/intersim2; fi;
if [ ! -d /home/cliu/wk/accorde/3rdparty/modern-gpu-simulator-micro-2025/simulator-remodeled/gpu-simulator/gpgpu-sim/build/gcc-/cuda-12040/release/cuobjdump_to_ptxplus ]; then mkdir -p /home/cliu/wk/accorde/3rdparty/modern-gpu-simulator-micro-2025/simulator-remodeled/gpu-simulator/gpgpu-sim/build/gcc-/cuda-12040/release/cuobjdump_to_ptxplus; fi;
if [ ! -d /home/cliu/wk/accorde/3rdparty/modern-gpu-simulator-micro-2025/simulator-remodeled/gpu-simulator/gpgpu-sim/build/gcc-/cuda-12040/release/accelwattch ]; then mkdir -p /home/cliu/wk/accorde/3rdparty/modern-gpu-simulator-micro-2025/simulator-remodeled/gpu-simulator/gpgpu-sim/build/gcc-/cuda-12040/release/accelwattch; fi;
if [ ! -d /home/cliu/wk/accorde/3rdparty/modern-gpu-simulator-micro-2025/simulator-remodeled/gpu-simulator/gpgpu-sim/build/gcc-/cuda-12040/release/accelwattch/cacti ]; then mkdir -p /home/cliu/wk/accorde/3rdparty/modern-gpu-simulator-micro-2025/simulator-remodeled/gpu-simulator/gpgpu-sim/build/gcc-/cuda-12040/release/accelwattch/cacti; fi;
make -C ./src/cuda-sim/ depend
g++ -O3 -g3 -fPIC -std=c++17 -Wall -I/usr/local/cuda-12.4/include -I. -I/home/cliu/wk/accorde/3rdparty/modern-gpu-simulator-micro-2025/simulator-remodeled/gpu-simulator/gpgpu-sim/libcuda -I/home/cliu/wk/accorde/3rdparty/modern-gpu-simulator-micro-2025/simulator-remodeled/gpu-simulator/gpgpu-sim/src -c trace_parser.cc -o ../build/release/trace_parser.o 
make[2]: Entering directory '/home/cliu/wk/accorde/3rdparty/modern-gpu-simulator-micro-2025/simulator-remodeled/gpu-simulator/gpgpu-sim/src/cuda-sim'
g++ -O3 -g3 -fPIC -std=c++17 -Wall -I/usr/local/cuda-12.4/include -I. -I/home/cliu/wk/accorde/3rdparty/modern-gpu-simulator-micro-2025/simulator-remodeled/gpu-simulator/gpgpu-sim/libcuda -I/home/cliu/wk/accorde/3rdparty/modern-gpu-simulator-micro-2025/simulator-remodeled/gpu-simulator/gpgpu-sim/src -c trace_driven.cc -o ../build/release/trace_driven.o 
touch /home/cliu/wk/accorde/3rdparty/modern-gpu-simulator-micro-2025/simulator-remodeled/gpu-simulator/gpgpu-sim/build/gcc-/cuda-12040/release/cuda-sim/Makefile.makedepend
makedepend -f/home/cliu/wk/accorde/3rdparty/modern-gpu-simulator-micro-2025/simulator-remodeled/gpu-simulator/gpgpu-sim/build/gcc-/cuda-12040/release/cuda-sim/Makefile.makedepend -p/home/cliu/wk/accorde/3rdparty/modern-gpu-simulator-micro-2025/simulator-remodeled/gpu-simulator/gpgpu-sim/build/gcc-/cuda-12040/release/cuda-sim/ cuda_device_printf.cc cuda_device_runtime.cc cuda-sim.cc instructions.cc memory.cc ptx_ir.cc ptx_loader.cc ptx_parser.cc ptx_sim.cc ptx-stats.cc 2> /dev/null
make[2]: 'depend' is up to date.
make[2]: Leaving directory '/home/cliu/wk/accorde/3rdparty/modern-gpu-simulator-micro-2025/simulator-remodeled/gpu-simulator/gpgpu-sim/src/cuda-sim'
make -C ./src/cuda-sim/
make[2]: Entering directory '/home/cliu/wk/accorde/3rdparty/modern-gpu-simulator-micro-2025/simulator-remodeled/gpu-simulator/gpgpu-sim/src/cuda-sim'
touch /home/cliu/wk/accorde/3rdparty/modern-gpu-simulator-micro-2025/simulator-remodeled/gpu-simulator/gpgpu-sim/build/gcc-/cuda-12040/release/cuda-sim/Makefile.makedepend
makedepend -f/home/cliu/wk/accorde/3rdparty/modern-gpu-simulator-micro-2025/simulator-remodeled/gpu-simulator/gpgpu-sim/build/gcc-/cuda-12040/release/cuda-sim/Makefile.makedepend -p/home/cliu/wk/accorde/3rdparty/modern-gpu-simulator-micro-2025/simulator-remodeled/gpu-simulator/gpgpu-sim/build/gcc-/cuda-12040/release/cuda-sim/ cuda_device_printf.cc cuda_device_runtime.cc cuda-sim.cc instructions.cc memory.cc ptx_ir.cc ptx_loader.cc ptx_parser.cc ptx_sim.cc ptx-stats.cc 2> /dev/null
g++  -c -O3 -g3 -Wall -Wno-unused-function -Wno-sign-compare -I/usr/local/cuda-12.4/include  -I/home/cliu/wk/accorde/3rdparty/modern-gpu-simulator-micro-2025/simulator-remodeled/gpu-simulator/gpgpu-sim/build/gcc-/cuda-12040/release/cuda-sim/ -I. -I/home/cliu/wk/accorde/3rdparty/modern-gpu-simulator-micro-2025/simulator-remodeled/gpu-simulator/gpgpu-sim/build/gcc-/cuda-12040/release -fPIC  -DTRACING_ON=1 -DCUDART_VERSION=12040 -std=c++17 ptx_parser.cc -o /home/cliu/wk/accorde/3rdparty/modern-gpu-simulator-micro-2025/simulator-remodeled/gpu-simulator/gpgpu-sim/build/gcc-/cuda-12040/release/cuda-sim/ptx_parser.o
g++  -c -O3 -g3 -Wall -Wno-unused-function -Wno-sign-compare -I/usr/local/cuda-12.4/include  -I/home/cliu/wk/accorde/3rdparty/modern-gpu-simulator-micro-2025/simulator-remodeled/gpu-simulator/gpgpu-sim/build/gcc-/cuda-12040/release/cuda-sim/ -I. -I/home/cliu/wk/accorde/3rdparty/modern-gpu-simulator-micro-2025/simulator-remodeled/gpu-simulator/gpgpu-sim/build/gcc-/cuda-12040/release -fPIC  -DTRACING_ON=1 -DCUDART_VERSION=12040 -std=c++17 ptx_loader.cc -o /home/cliu/wk/accorde/3rdparty/modern-gpu-simulator-micro-2025/simulator-remodeled/gpu-simulator/gpgpu-sim/build/gcc-/cuda-12040/release/cuda-sim/ptx_loader.o
g++  -c -O3 -g3 -Wall -Wno-unused-function -Wno-sign-compare -I/usr/local/cuda-12.4/include  -I/home/cliu/wk/accorde/3rdparty/modern-gpu-simulator-micro-2025/simulator-remodeled/gpu-simulator/gpgpu-sim/build/gcc-/cuda-12040/release/cuda-sim/ -I. -I/home/cliu/wk/accorde/3rdparty/modern-gpu-simulator-micro-2025/simulator-remodeled/gpu-simulator/gpgpu-sim/build/gcc-/cuda-12040/release -fPIC  -DTRACING_ON=1 -DCUDART_VERSION=12040 -std=c++17 cuda_device_printf.cc -o /home/cliu/wk/accorde/3rdparty/modern-gpu-simulator-micro-2025/simulator-remodeled/gpu-simulator/gpgpu-sim/build/gcc-/cuda-12040/release/cuda-sim/cuda_device_printf.o
g++  -c -O3 -g3 -Wall -Wno-unused-function -Wno-sign-compare -I/usr/local/cuda-12.4/include  -I/home/cliu/wk/accorde/3rdparty/modern-gpu-simulator-micro-2025/simulator-remodeled/gpu-simulator/gpgpu-sim/build/gcc-/cuda-12040/release/cuda-sim/ -I. -I/home/cliu/wk/accorde/3rdparty/modern-gpu-simulator-micro-2025/simulator-remodeled/gpu-simulator/gpgpu-sim/build/gcc-/cuda-12040/release -fPIC  -DTRACING_ON=1 -DCUDART_VERSION=12040 -std=c++17 instructions.cc -o /home/cliu/wk/accorde/3rdparty/modern-gpu-simulator-micro-2025/simulator-remodeled/gpu-simulator/gpgpu-sim/build/gcc-/cuda-12040/release/cuda-sim/instructions.o
g++  -c -O3 -g3 -Wall -Wno-unused-function -Wno-sign-compare -I/usr/local/cuda-12.4/include  -I/home/cliu/wk/accorde/3rdparty/modern-gpu-simulator-micro-2025/simulator-remodeled/gpu-simulator/gpgpu-sim/build/gcc-/cuda-12040/release/cuda-sim/ -I. -I/home/cliu/wk/accorde/3rdparty/modern-gpu-simulator-micro-2025/simulator-remodeled/gpu-simulator/gpgpu-sim/build/gcc-/cuda-12040/release -fPIC  -DTRACING_ON=1 -DCUDART_VERSION=12040 -std=c++17 cuda-sim.cc -o /home/cliu/wk/accorde/3rdparty/modern-gpu-simulator-micro-2025/simulator-remodeled/gpu-simulator/gpgpu-sim/build/gcc-/cuda-12040/release/cuda-sim/cuda-sim.o
g++  -c -O3 -g3 -Wall -Wno-unused-function -Wno-sign-compare -I/usr/local/cuda-12.4/include  -I/home/cliu/wk/accorde/3rdparty/modern-gpu-simulator-micro-2025/simulator-remodeled/gpu-simulator/gpgpu-sim/build/gcc-/cuda-12040/release/cuda-sim/ -I. -I/home/cliu/wk/accorde/3rdparty/modern-gpu-simulator-micro-2025/simulator-remodeled/gpu-simulator/gpgpu-sim/build/gcc-/cuda-12040/release -fPIC  -DTRACING_ON=1 -DCUDART_VERSION=12040 -std=c++17 ptx_ir.cc -o /home/cliu/wk/accorde/3rdparty/modern-gpu-simulator-micro-2025/simulator-remodeled/gpu-simulator/gpgpu-sim/build/gcc-/cuda-12040/release/cuda-sim/ptx_ir.o
g++  -c -O3 -g3 -Wall -Wno-unused-function -Wno-sign-compare -I/usr/local/cuda-12.4/include  -I/home/cliu/wk/accorde/3rdparty/modern-gpu-simulator-micro-2025/simulator-remodeled/gpu-simulator/gpgpu-sim/build/gcc-/cuda-12040/release/cuda-sim/ -I. -I/home/cliu/wk/accorde/3rdparty/modern-gpu-simulator-micro-2025/simulator-remodeled/gpu-simulator/gpgpu-sim/build/gcc-/cuda-12040/release -fPIC  -DTRACING_ON=1 -DCUDART_VERSION=12040 -std=c++17 ptx_sim.cc -o /home/cliu/wk/accorde/3rdparty/modern-gpu-simulator-micro-2025/simulator-remodeled/gpu-simulator/gpgpu-sim/build/gcc-/cuda-12040/release/cuda-sim/ptx_sim.o
g++  -c -O3 -g3 -Wall -Wno-unused-function -Wno-sign-compare -I/usr/local/cuda-12.4/include  -I/home/cliu/wk/accorde/3rdparty/modern-gpu-simulator-micro-2025/simulator-remodeled/gpu-simulator/gpgpu-sim/build/gcc-/cuda-12040/release/cuda-sim/ -I. -I/home/cliu/wk/accorde/3rdparty/modern-gpu-simulator-micro-2025/simulator-remodeled/gpu-simulator/gpgpu-sim/build/gcc-/cuda-12040/release -fPIC  -DTRACING_ON=1 -DCUDART_VERSION=12040 -std=c++17 memory.cc -o /home/cliu/wk/accorde/3rdparty/modern-gpu-simulator-micro-2025/simulator-remodeled/gpu-simulator/gpgpu-sim/build/gcc-/cuda-12040/release/cuda-sim/memory.o
g++  -c -O3 -g3 -Wall -Wno-unused-function -Wno-sign-compare -I/usr/local/cuda-12.4/include  -I/home/cliu/wk/accorde/3rdparty/modern-gpu-simulator-micro-2025/simulator-remodeled/gpu-simulator/gpgpu-sim/build/gcc-/cuda-12040/release/cuda-sim/ -I. -I/home/cliu/wk/accorde/3rdparty/modern-gpu-simulator-micro-2025/simulator-remodeled/gpu-simulator/gpgpu-sim/build/gcc-/cuda-12040/release -fPIC  -DTRACING_ON=1 -DCUDART_VERSION=12040 -std=c++17 ptx-stats.cc -o /home/cliu/wk/accorde/3rdparty/modern-gpu-simulator-micro-2025/simulator-remodeled/gpu-simulator/gpgpu-sim/build/gcc-/cuda-12040/release/cuda-sim/ptx-stats.o
In file included from /home/cliu/wk/accorde/3rdparty/modern-gpu-simulator-micro-2025/simulator-remodeled/gpu-simulator/gpgpu-sim/libcuda/../src/cuda-sim/cuda-sim.h:36,
                 from /home/cliu/wk/accorde/3rdparty/modern-gpu-simulator-micro-2025/simulator-remodeled/gpu-simulator/gpgpu-sim/libcuda/gpgpu_context.h:3,
                 from main.cc:38:
/home/cliu/wk/accorde/3rdparty/modern-gpu-simulator-micro-2025/simulator-remodeled/gpu-simulator/gpgpu-sim/libcuda/../src/cuda-sim/../abstract_hardware_model.h: In function ‘void move_warp_uniptr_impl(std::unique_ptr<warp_inst_t>&, std::unique_ptr<warp_inst_t>&, const char*, int)’:
/home/cliu/wk/accorde/3rdparty/modern-gpu-simulator-micro-2025/simulator-remodeled/gpu-simulator/gpgpu-sim/libcuda/../src/cuda-sim/../abstract_hardware_model.h:2006:32: warning: format ‘%x’ expects argument of type ‘unsigned int’, but argument 2 has type ‘address_type’ {aka ‘long long unsigned int’} [-Wformat=]
 2006 |             printf("dst->pc = %x, src->pc = %x\n", dst->pc, src->pc);
      |                               ~^                   ~~~~~~~
      |                                |                        |
      |                                unsigned int             address_type {aka long long unsigned int}
      |                               %llx
/home/cliu/wk/accorde/3rdparty/modern-gpu-simulator-micro-2025/simulator-remodeled/gpu-simulator/gpgpu-sim/libcuda/../src/cuda-sim/../abstract_hardware_model.h:2006:46: warning: format ‘%x’ expects argument of type ‘unsigned int’, but argument 3 has type ‘address_type’ {aka ‘long long unsigned int’} [-Wformat=]
 2006 |             printf("dst->pc = %x, src->pc = %x\n", dst->pc, src->pc);
      |                                             ~^              ~~~~~~~
      |                                              |                   |
      |                                              unsigned int        address_type {aka long long unsigned int}
      |                                             %llx
In file included from ptx_ir.h:32,
                 from cuda_device_printf.cc:30:
../abstract_hardware_model.h: In function ‘void move_warp_uniptr_impl(std::unique_ptr<warp_inst_t>&, std::unique_ptr<warp_inst_t>&, const char*, int)’:
../abstract_hardware_model.h:2006:32: warning: format ‘%x’ expects argument of type ‘unsigned int’, but argument 2 has type ‘address_type’ {aka ‘long long unsigned int’} [-Wformat=]
 2006 |             printf("dst->pc = %x, src->pc = %x\n", dst->pc, src->pc);
      |                               ~^                   ~~~~~~~
      |                                |                        |
      |                                unsigned int             address_type {aka long long unsigned int}
      |                               %llx
../abstract_hardware_model.h:2006:46: warning: format ‘%x’ expects argument of type ‘unsigned int’, but argument 3 has type ‘address_type’ {aka ‘long long unsigned int’} [-Wformat=]
 2006 |             printf("dst->pc = %x, src->pc = %x\n", dst->pc, src->pc);
      |                                             ~^              ~~~~~~~
      |                                              |                   |
      |                                              unsigned int        address_type {aka long long unsigned int}
      |                                             %llx
In file included from ptx_parser.h:32,
                 from ptx_parser.cc:29:
../abstract_hardware_model.h: In function ‘void move_warp_uniptr_impl(std::unique_ptr<warp_inst_t>&, std::unique_ptr<warp_inst_t>&, const char*, int)’:
../abstract_hardware_model.h:2006:20: warning: format ‘%x’ expects argument of type ‘unsigned int’, but argument 2 has type ‘address_type’ {aka ‘long long unsigned int’} [-Wformat=]
 2006 |             printf("dst->pc = %x, src->pc = %x\n", dst->pc, src->pc);
      |                    ^~~~~~~~~~~~~~~~~~~~~~~~~~~~~~  ~~~~~~~
      |                                                         |
      |                                                         address_type {aka long long unsigned int}
../abstract_hardware_model.h:2006:20: warning: format ‘%x’ expects argument of type ‘unsigned int’, but argument 3 has type ‘address_type’ {aka ‘long long unsigned int’} [-Wformat=]
 2006 |             printf("dst->pc = %x, src->pc = %x\n", dst->pc, src->pc);
      |                    ^~~~~~~~~~~~~~~~~~~~~~~~~~~~~~           ~~~~~~~
      |                                                                  |
      |                                                                  address_type {aka long long unsigned int}
In file included from ptx_ir.h:32,
                 from ptx_ir.cc:32:
../abstract_hardware_model.h: In function ‘void move_warp_uniptr_impl(std::unique_ptr<warp_inst_t>&, std::unique_ptr<warp_inst_t>&, const char*, int)’:
../abstract_hardware_model.h:2006:20: warning: format ‘%x’ expects argument of type ‘unsigned int’, but argument 2 has type ‘address_type’ {aka ‘long long unsigned int’} [-Wformat=]
 2006 |             printf("dst->pc = %x, src->pc = %x\n", dst->pc, src->pc);
      |                    ^~~~~~~~~~~~~~~~~~~~~~~~~~~~~~  ~~~~~~~
      |                                                         |
      |                                                         address_type {aka long long unsigned int}
../abstract_hardware_model.h:2006:20: warning: format ‘%x’ expects argument of type ‘unsigned int’, but argument 3 has type ‘address_type’ {aka ‘long long unsigned int’} [-Wformat=]
 2006 |             printf("dst->pc = %x, src->pc = %x\n", dst->pc, src->pc);
      |                    ^~~~~~~~~~~~~~~~~~~~~~~~~~~~~~           ~~~~~~~
      |                                                                  |
      |                                                                  address_type {aka long long unsigned int}
In file included from ptx_sim.h:32,
                 from ptx_sim.cc:29:
../abstract_hardware_model.h: In function ‘void move_warp_uniptr_impl(std::unique_ptr<warp_inst_t>&, std::unique_ptr<warp_inst_t>&, const char*, int)’:
../abstract_hardware_model.h:2006:20: warning: format ‘%x’ expects argument of type ‘unsigned int’, but argument 2 has type ‘address_type’ {aka ‘long long unsigned int’} [-Wformat=]
 2006 |             printf("dst->pc = %x, src->pc = %x\n", dst->pc, src->pc);
      |                    ^~~~~~~~~~~~~~~~~~~~~~~~~~~~~~  ~~~~~~~
      |                                                         |
      |                                                         address_type {aka long long unsigned int}
../abstract_hardware_model.h:2006:20: warning: format ‘%x’ expects argument of type ‘unsigned int’, but argument 3 has type ‘address_type’ {aka ‘long long unsigned int’} [-Wformat=]
 2006 |             printf("dst->pc = %x, src->pc = %x\n", dst->pc, src->pc);
      |                    ^~~~~~~~~~~~~~~~~~~~~~~~~~~~~~           ~~~~~~~
      |                                                                  |
      |                                                                  address_type {aka long long unsigned int}
In file included from cuda-sim.h:36,
                 from cuda-sim.cc:32:
../abstract_hardware_model.h: In function ‘void move_warp_uniptr_impl(std::unique_ptr<warp_inst_t>&, std::unique_ptr<warp_inst_t>&, const char*, int)’:
../abstract_hardware_model.h:2006:20: warning: format ‘%x’ expects argument of type ‘unsigned int’, but argument 2 has type ‘address_type’ {aka ‘long long unsigned int’} [-Wformat=]
 2006 |             printf("dst->pc = %x, src->pc = %x\n", dst->pc, src->pc);
      |                    ^~~~~~~~~~~~~~~~~~~~~~~~~~~~~~  ~~~~~~~
      |                                                         |
      |                                                         address_type {aka long long unsigned int}
../abstract_hardware_model.h:2006:20: warning: format ‘%x’ expects argument of type ‘unsigned int’, but argument 3 has type ‘address_type’ {aka ‘long long unsigned int’} [-Wformat=]
 2006 |             printf("dst->pc = %x, src->pc = %x\n", dst->pc, src->pc);
      |                    ^~~~~~~~~~~~~~~~~~~~~~~~~~~~~~           ~~~~~~~
      |                                                                  |
      |                                                                  address_type {aka long long unsigned int}
In file included from ../../libcuda/../src/cuda-sim/cuda-sim.h:36,
                 from ../../libcuda/gpgpu_context.h:3,
                 from ptx-stats.cc:32:
../../libcuda/../src/cuda-sim/../abstract_hardware_model.h: In function ‘void move_warp_uniptr_impl(std::unique_ptr<warp_inst_t>&, std::unique_ptr<warp_inst_t>&, const char*, int)’:
../../libcuda/../src/cuda-sim/../abstract_hardware_model.h:2006:32: warning: format ‘%x’ expects argument of type ‘unsigned int’, but argument 2 has type ‘address_type’ {aka ‘long long unsigned int’} [-Wformat=]
 2006 |             printf("dst->pc = %x, src->pc = %x\n", dst->pc, src->pc);
      |                               ~^                   ~~~~~~~
      |                                |                        |
      |                                unsigned int             address_type {aka long long unsigned int}
      |                               %llx
../../libcuda/../src/cuda-sim/../abstract_hardware_model.h:2006:46: warning: format ‘%x’ expects argument of type ‘unsigned int’, but argument 3 has type ‘address_type’ {aka ‘long long unsigned int’} [-Wformat=]
 2006 |             printf("dst->pc = %x, src->pc = %x\n", dst->pc, src->pc);
      |                                             ~^              ~~~~~~~
      |                                              |                   |
      |                                              unsigned int        address_type {aka long long unsigned int}
      |                                             %llx
In file included from memory.h:32,
                 from memory.cc:29:
../abstract_hardware_model.h: In function ‘void move_warp_uniptr_impl(std::unique_ptr<warp_inst_t>&, std::unique_ptr<warp_inst_t>&, const char*, int)’:
../abstract_hardware_model.h:2006:32: warning: format ‘%x’ expects argument of type ‘unsigned int’, but argument 2 has type ‘address_type’ {aka ‘long long unsigned int’} [-Wformat=]
 2006 |             printf("dst->pc = %x, src->pc = %x\n", dst->pc, src->pc);
      |                               ~^                   ~~~~~~~
      |                                |                        |
      |                                unsigned int             address_type {aka long long unsigned int}
      |                               %llx
../abstract_hardware_model.h:2006:46: warning: format ‘%x’ expects argument of type ‘unsigned int’, but argument 3 has type ‘address_type’ {aka ‘long long unsigned int’} [-Wformat=]
 2006 |             printf("dst->pc = %x, src->pc = %x\n", dst->pc, src->pc);
      |                                             ~^              ~~~~~~~
      |                                              |                   |
      |                                              unsigned int        address_type {aka long long unsigned int}
      |                                             %llx
In file included from ./ptx_ir.h:32,
                 from /home/cliu/wk/accorde/3rdparty/modern-gpu-simulator-micro-2025/simulator-remodeled/gpu-simulator/gpgpu-sim/build/gcc-/cuda-12040/release/cuda-sim/instructions.h:2,
                 from instructions.cc:32:
./../abstract_hardware_model.h: In function ‘void move_warp_uniptr_impl(std::unique_ptr<warp_inst_t>&, std::unique_ptr<warp_inst_t>&, const char*, int)’:
./../abstract_hardware_model.h:2006:20: warning: format ‘%x’ expects argument of type ‘unsigned int’, but argument 2 has type ‘address_type’ {aka ‘long long unsigned int’} [-Wformat=]
 2006 |             printf("dst->pc = %x, src->pc = %x\n", dst->pc, src->pc);
      |                    ^~~~~~~~~~~~~~~~~~~~~~~~~~~~~~  ~~~~~~~
      |                                                         |
      |                                                         address_type {aka long long unsigned int}
./../abstract_hardware_model.h:2006:20: warning: format ‘%x’ expects argument of type ‘unsigned int’, but argument 3 has type ‘address_type’ {aka ‘long long unsigned int’} [-Wformat=]
 2006 |             printf("dst->pc = %x, src->pc = %x\n", dst->pc, src->pc);
      |                    ^~~~~~~~~~~~~~~~~~~~~~~~~~~~~~           ~~~~~~~
      |                                                                  |
      |                                                                  address_type {aka long long unsigned int}
In file included from ../../libcuda/../src/cuda-sim/cuda-sim.h:36,
                 from ../../libcuda/gpgpu_context.h:3,
                 from ptx_loader.cc:34:
../../libcuda/../src/cuda-sim/../abstract_hardware_model.h: In function ‘void move_warp_uniptr_impl(std::unique_ptr<warp_inst_t>&, std::unique_ptr<warp_inst_t>&, const char*, int)’:
../../libcuda/../src/cuda-sim/../abstract_hardware_model.h:2006:32: warning: format ‘%x’ expects argument of type ‘unsigned int’, but argument 2 has type ‘address_type’ {aka ‘long long unsigned int’} [-Wformat=]
 2006 |             printf("dst->pc = %x, src->pc = %x\n", dst->pc, src->pc);
      |                               ~^                   ~~~~~~~
      |                                |                        |
      |                                unsigned int             address_type {aka long long unsigned int}
      |                               %llx
../../libcuda/../src/cuda-sim/../abstract_hardware_model.h:2006:46: warning: format ‘%x’ expects argument of type ‘unsigned int’, but argument 3 has type ‘address_type’ {aka ‘long long unsigned int’} [-Wformat=]
 2006 |             printf("dst->pc = %x, src->pc = %x\n", dst->pc, src->pc);
      |                                             ~^              ~~~~~~~
      |                                              |                   |
      |                                              unsigned int        address_type {aka long long unsigned int}
      |                                             %llx
In file included from trace_parser.h:37,
                 from trace_parser.cc:40:
../gpgpu-sim/src/abstract_hardware_model.h: In function ‘void move_warp_uniptr_impl(std::unique_ptr<warp_inst_t>&, std::unique_ptr<warp_inst_t>&, const char*, int)’:
../gpgpu-sim/src/abstract_hardware_model.h:2006:32: warning: format ‘%x’ expects argument of type ‘unsigned int’, but argument 2 has type ‘address_type’ {aka ‘long long unsigned int’} [-Wformat=]
 2006 |             printf("dst->pc = %x, src->pc = %x\n", dst->pc, src->pc);
      |                               ~^                   ~~~~~~~
      |                                |                        |
      |                                unsigned int             address_type {aka long long unsigned int}
      |                               %llx
../gpgpu-sim/src/abstract_hardware_model.h:2006:46: warning: format ‘%x’ expects argument of type ‘unsigned int’, but argument 3 has type ‘address_type’ {aka ‘long long unsigned int’} [-Wformat=]
 2006 |             printf("dst->pc = %x, src->pc = %x\n", dst->pc, src->pc);
      |                                             ~^              ~~~~~~~
      |                                              |                   |
      |                                              unsigned int        address_type {aka long long unsigned int}
      |                                             %llx
In file included from ../ISA_Def/accelwattch_component_mapping.h:31,
                 from trace_driven.cc:77:
/home/cliu/wk/accorde/3rdparty/modern-gpu-simulator-micro-2025/simulator-remodeled/gpu-simulator/gpgpu-sim/src/abstract_hardware_model.h: In function ‘void move_warp_uniptr_impl(std::unique_ptr<warp_inst_t>&, std::unique_ptr<warp_inst_t>&, const char*, int)’:
/home/cliu/wk/accorde/3rdparty/modern-gpu-simulator-micro-2025/simulator-remodeled/gpu-simulator/gpgpu-sim/src/abstract_hardware_model.h:2006:32: warning: format ‘%x’ expects argument of type ‘unsigned int’, but argument 2 has type ‘address_type’ {aka ‘long long unsigned int’} [-Wformat=]
 2006 |             printf("dst->pc = %x, src->pc = %x\n", dst->pc, src->pc);
      |                               ~^                   ~~~~~~~
      |                                |                        |
      |                                unsigned int             address_type {aka long long unsigned int}
      |                               %llx
/home/cliu/wk/accorde/3rdparty/modern-gpu-simulator-micro-2025/simulator-remodeled/gpu-simulator/gpgpu-sim/src/abstract_hardware_model.h:2006:46: warning: format ‘%x’ expects argument of type ‘unsigned int’, but argument 3 has type ‘address_type’ {aka ‘long long unsigned int’} [-Wformat=]
 2006 |             printf("dst->pc = %x, src->pc = %x\n", dst->pc, src->pc);
      |                                             ~^              ~~~~~~~
      |                                              |                   |
      |                                              unsigned int        address_type {aka long long unsigned int}
      |                                             %llx
trace_parser.cc: In member function ‘void inst_trace_t::parse_memref(unsigned int, unsigned int, const std::bitset<32>&, dynamic_trace::address)’:
trace_parser.cc:229:30: warning: comparison of integer expressions of different signedness: ‘unsigned int’ and ‘int’ [-Wsign-compare]
  229 |         if (last_addr_parsed < addr_info.addrs_size()) {
      |             ~~~~~~~~~~~~~~~~~^~~~~~~~~~~~~~~~~~~~~~~~
make[1]: Leaving directory '/home/cliu/wk/accorde/3rdparty/modern-gpu-simulator-micro-2025/simulator-remodeled/gpu-simulator/trace-parser'
ar rcs /home/cliu/wk/accorde/3rdparty/modern-gpu-simulator-micro-2025/simulator-remodeled/gpu-simulator/gpgpu-sim/build/gcc-/cuda-12040/release/cuda-sim/libgpgpu_ptx_sim.a /home/cliu/wk/accorde/3rdparty/modern-gpu-simulator-micro-2025/simulator-remodeled/gpu-simulator/gpgpu-sim/build/gcc-/cuda-12040/release/cuda-sim/ptx.tab.o /home/cliu/wk/accorde/3rdparty/modern-gpu-simulator-micro-2025/simulator-remodeled/gpu-simulator/gpgpu-sim/build/gcc-/cuda-12040/release/cuda-sim/lex.ptx_.o /home/cliu/wk/accorde/3rdparty/modern-gpu-simulator-micro-2025/simulator-remodeled/gpu-simulator/gpgpu-sim/build/gcc-/cuda-12040/release/cuda-sim/ptxinfo.tab.o /home/cliu/wk/accorde/3rdparty/modern-gpu-simulator-micro-2025/simulator-remodeled/gpu-simulator/gpgpu-sim/build/gcc-/cuda-12040/release/cuda-sim/lex.ptxinfo_.o /home/cliu/wk/accorde/3rdparty/modern-gpu-simulator-micro-2025/simulator-remodeled/gpu-simulator/gpgpu-sim/build/gcc-/cuda-12040/release/cuda-sim/ptx_parser.o /home/cliu/wk/accorde/3rdparty/modern-gpu-simulator-micro-2025/simulator-remodeled/gpu-simulator/gpgpu-sim/build/gcc-/cuda-12040/release/cuda-sim/ptx_loader.o /home/cliu/wk/accorde/3rdparty/modern-gpu-simulator-micro-2025/simulator-remodeled/gpu-simulator/gpgpu-sim/build/gcc-/cuda-12040/release/cuda-sim/cuda_device_printf.o /home/cliu/wk/accorde/3rdparty/modern-gpu-simulator-micro-2025/simulator-remodeled/gpu-simulator/gpgpu-sim/build/gcc-/cuda-12040/release/cuda-sim/instructions.o /home/cliu/wk/accorde/3rdparty/modern-gpu-simulator-micro-2025/simulator-remodeled/gpu-simulator/gpgpu-sim/build/gcc-/cuda-12040/release/cuda-sim/cuda-sim.o /home/cliu/wk/accorde/3rdparty/modern-gpu-simulator-micro-2025/simulator-remodeled/gpu-simulator/gpgpu-sim/build/gcc-/cuda-12040/release/cuda-sim/ptx_ir.o /home/cliu/wk/accorde/3rdparty/modern-gpu-simulator-micro-2025/simulator-remodeled/gpu-simulator/gpgpu-sim/build/gcc-/cuda-12040/release/cuda-sim/ptx_sim.o  /home/cliu/wk/accorde/3rdparty/modern-gpu-simulator-micro-2025/simulator-remodeled/gpu-simulator/gpgpu-sim/build/gcc-/cuda-12040/release/cuda-sim/memory.o /home/cliu/wk/accorde/3rdparty/modern-gpu-simulator-micro-2025/simulator-remodeled/gpu-simulator/gpgpu-sim/build/gcc-/cuda-12040/release/cuda-sim/ptx-stats.o /home/cliu/wk/accorde/3rdparty/modern-gpu-simulator-micro-2025/simulator-remodeled/gpu-simulator/gpgpu-sim/build/gcc-/cuda-12040/release/cuda-sim/decuda_pred_table/decuda_pred_table.o /home/cliu/wk/accorde/3rdparty/modern-gpu-simulator-micro-2025/simulator-remodeled/gpu-simulator/gpgpu-sim/build/gcc-/cuda-12040/release/cuda-sim/ptx.tab.o /home/cliu/wk/accorde/3rdparty/modern-gpu-simulator-micro-2025/simulator-remodeled/gpu-simulator/gpgpu-sim/build/gcc-/cuda-12040/release/cuda-sim/lex.ptx_.o /home/cliu/wk/accorde/3rdparty/modern-gpu-simulator-micro-2025/simulator-remodeled/gpu-simulator/gpgpu-sim/build/gcc-/cuda-12040/release/cuda-sim/ptxinfo.tab.o /home/cliu/wk/accorde/3rdparty/modern-gpu-simulator-micro-2025/simulator-remodeled/gpu-simulator/gpgpu-sim/build/gcc-/cuda-12040/release/cuda-sim/lex.ptxinfo_.o /home/cliu/wk/accorde/3rdparty/modern-gpu-simulator-micro-2025/simulator-remodeled/gpu-simulator/gpgpu-sim/build/gcc-/cuda-12040/release/cuda-sim/cuda_device_runtime.o
make[2]: Leaving directory '/home/cliu/wk/accorde/3rdparty/modern-gpu-simulator-micro-2025/simulator-remodeled/gpu-simulator/gpgpu-sim/src/cuda-sim'
make -C ./src/gpgpu-sim/remodeling/fusedMemory/ depend
make -C ./libcuda/ depend
make[2]: Entering directory '/home/cliu/wk/accorde/3rdparty/modern-gpu-simulator-micro-2025/simulator-remodeled/gpu-simulator/gpgpu-sim/src/gpgpu-sim/remodeling/fusedMemory'
make -C ./cuobjdump_to_ptxplus/ depend
make[2]: Entering directory '/home/cliu/wk/accorde/3rdparty/modern-gpu-simulator-micro-2025/simulator-remodeled/gpu-simulator/gpgpu-sim/libcuda'
make[2]: Entering directory '/home/cliu/wk/accorde/3rdparty/modern-gpu-simulator-micro-2025/simulator-remodeled/gpu-simulator/gpgpu-sim/cuobjdump_to_ptxplus'
touch /home/cliu/wk/accorde/3rdparty/modern-gpu-simulator-micro-2025/simulator-remodeled/gpu-simulator/gpgpu-sim/build/gcc-/cuda-12040/release/cuobjdump_to_ptxplus/Makefile.makedepend
makedepend -f/home/cliu/wk/accorde/3rdparty/modern-gpu-simulator-micro-2025/simulator-remodeled/gpu-simulator/gpgpu-sim/build/gcc-/cuda-12040/release/cuobjdump_to_ptxplus/Makefile.makedepend cuobjdumpInst.cc cuobjdumpInstList.cc cuobjdump_to_ptxplus.cc 2> /dev/null
make[2]: Leaving directory '/home/cliu/wk/accorde/3rdparty/modern-gpu-simulator-micro-2025/simulator-remodeled/gpu-simulator/gpgpu-sim/cuobjdump_to_ptxplus'
make -C ./cuobjdump_to_ptxplus/
make[2]: Entering directory '/home/cliu/wk/accorde/3rdparty/modern-gpu-simulator-micro-2025/simulator-remodeled/gpu-simulator/gpgpu-sim/cuobjdump_to_ptxplus'
:
:
:
make[2]: Leaving directory '/home/cliu/wk/accorde/3rdparty/modern-gpu-simulator-micro-2025/simulator-remodeled/gpu-simulator/gpgpu-sim/cuobjdump_to_ptxplus'
touch /home/cliu/wk/accorde/3rdparty/modern-gpu-simulator-micro-2025/simulator-remodeled/gpu-simulator/gpgpu-sim/build/gcc-/cuda-12040/release/libcuda/Makefile.makedepend
makedepend -f/home/cliu/wk/accorde/3rdparty/modern-gpu-simulator-micro-2025/simulator-remodeled/gpu-simulator/gpgpu-sim/build/gcc-/cuda-12040/release/libcuda/Makefile.makedepend -p/home/cliu/wk/accorde/3rdparty/modern-gpu-simulator-micro-2025/simulator-remodeled/gpu-simulator/gpgpu-sim/build/gcc-/cuda-12040/release/libcuda/ cuda_runtime_api.cc 2> /dev/null
touch /home/cliu/wk/accorde/3rdparty/modern-gpu-simulator-micro-2025/simulator-remodeled/gpu-simulator/gpgpu-sim/build/gcc-/cuda-12040/release/fusedMemory/Makefile.makedepend
makedepend -f/home/cliu/wk/accorde/3rdparty/modern-gpu-simulator-micro-2025/simulator-remodeled/gpu-simulator/gpgpu-sim/build/gcc-/cuda-12040/release/fusedMemory/Makefile.makedepend -p/home/cliu/wk/accorde/3rdparty/modern-gpu-simulator-micro-2025/simulator-remodeled/gpu-simulator/gpgpu-sim/build/gcc-/cuda-12040/release/fusedMemory/ coalescingStats.cc 2> /dev/null
make[2]: 'depend' is up to date.
make[2]: Leaving directory '/home/cliu/wk/accorde/3rdparty/modern-gpu-simulator-micro-2025/simulator-remodeled/gpu-simulator/gpgpu-sim/src/gpgpu-sim/remodeling/fusedMemory'
make -C ./src/gpgpu-sim/remodeling/fusedMemory/ 
make[2]: Entering directory '/home/cliu/wk/accorde/3rdparty/modern-gpu-simulator-micro-2025/simulator-remodeled/gpu-simulator/gpgpu-sim/src/gpgpu-sim/remodeling/fusedMemory'
make[2]: 'depend' is up to date.
make[2]: Leaving directory '/home/cliu/wk/accorde/3rdparty/modern-gpu-simulator-micro-2025/simulator-remodeled/gpu-simulator/gpgpu-sim/libcuda'
make -C ./libcuda/
make[2]: Entering directory '/home/cliu/wk/accorde/3rdparty/modern-gpu-simulator-micro-2025/simulator-remodeled/gpu-simulator/gpgpu-sim/libcuda'
touch /home/cliu/wk/accorde/3rdparty/modern-gpu-simulator-micro-2025/simulator-remodeled/gpu-simulator/gpgpu-sim/build/gcc-/cuda-12040/release/libcuda/Makefile.makedepend
makedepend -f/home/cliu/wk/accorde/3rdparty/modern-gpu-simulator-micro-2025/simulator-remodeled/gpu-simulator/gpgpu-sim/build/gcc-/cuda-12040/release/libcuda/Makefile.makedepend -p/home/cliu/wk/accorde/3rdparty/modern-gpu-simulator-micro-2025/simulator-remodeled/gpu-simulator/gpgpu-sim/build/gcc-/cuda-12040/release/libcuda/ cuda_runtime_api.cc 2> /dev/null
touch /home/cliu/wk/accorde/3rdparty/modern-gpu-simulator-micro-2025/simulator-remodeled/gpu-simulator/gpgpu-sim/build/gcc-/cuda-12040/release/fusedMemory/Makefile.makedepend
makedepend -f/home/cliu/wk/accorde/3rdparty/modern-gpu-simulator-micro-2025/simulator-remodeled/gpu-simulator/gpgpu-sim/build/gcc-/cuda-12040/release/fusedMemory/Makefile.makedepend -p/home/cliu/wk/accorde/3rdparty/modern-gpu-simulator-micro-2025/simulator-remodeled/gpu-simulator/gpgpu-sim/build/gcc-/cuda-12040/release/fusedMemory/ coalescingStats.cc 2> /dev/null
g++  -O3 -g3 -fPIC -DCUDART_VERSION=12040 -fopenmp -Wall -DTRACING_ON=1 -std=c++17 -I/usr/local/cuda-12.4/include  -o /home/cliu/wk/accorde/3rdparty/modern-gpu-simulator-micro-2025/simulator-remodeled/gpu-simulator/gpgpu-sim/build/gcc-/cuda-12040/release/fusedMemory/coalescingStats.o -c coalescingStats.cc
g++  -std=c++17 -O3 -g -Wall -Wno-unused-function -Wno-sign-compare -fPIC  -DCUDART_VERSION=12040 -I./ -I/home/cliu/wk/accorde/3rdparty/modern-gpu-simulator-micro-2025/simulator-remodeled/gpu-simulator/gpgpu-sim/build/gcc-/cuda-12040/release/libcuda -I/usr/local/cuda-12.4/include  -c cuda_runtime_api.cc -o /home/cliu/wk/accorde/3rdparty/modern-gpu-simulator-micro-2025/simulator-remodeled/gpu-simulator/gpgpu-sim/build/gcc-/cuda-12040/release/libcuda/cuda_runtime_api.o
:
make[1]: Leaving directory '/home/cliu/wk/accorde/3rdparty/modern-gpu-simulator-micro-2025/simulator-remodeled/gpu-simulator/trace-driven'
In file included from coalescingStats.h:35,
                 from coalescingStats.cc:30:
../../../abstract_hardware_model.h: In function ‘void move_warp_uniptr_impl(std::unique_ptr<warp_inst_t>&, std::unique_ptr<warp_inst_t>&, const char*, int)’:
../../../abstract_hardware_model.h:2006:32: warning: format ‘%x’ expects argument of type ‘unsigned int’, but argument 2 has type ‘address_type’ {aka ‘long long unsigned int’} [-Wformat=]
 2006 |             printf("dst->pc = %x, src->pc = %x\n", dst->pc, src->pc);
      |                               ~^                   ~~~~~~~
      |                                |                        |
      |                                unsigned int             address_type {aka long long unsigned int}
      |                               %llx
../../../abstract_hardware_model.h:2006:46: warning: format ‘%x’ expects argument of type ‘unsigned int’, but argument 3 has type ‘address_type’ {aka ‘long long unsigned int’} [-Wformat=]
 2006 |             printf("dst->pc = %x, src->pc = %x\n", dst->pc, src->pc);
      |                                             ~^              ~~~~~~~
      |                                              |                   |
      |                                              unsigned int        address_type {aka long long unsigned int}
      |                                             %llx
In file included from ../src/cuda-sim/cuda-sim.h:36,
                 from gpgpu_context.h:3,
                 from cuda_runtime_api.cc:136:
../src/cuda-sim/../abstract_hardware_model.h: In function ‘void move_warp_uniptr_impl(std::unique_ptr<warp_inst_t>&, std::unique_ptr<warp_inst_t>&, const char*, int)’:
../src/cuda-sim/../abstract_hardware_model.h:2006:32: warning: format ‘%x’ expects argument of type ‘unsigned int’, but argument 2 has type ‘address_type’ {aka ‘long long unsigned int’} [-Wformat=]
 2006 |             printf("dst->pc = %x, src->pc = %x\n", dst->pc, src->pc);
      |                               ~^                   ~~~~~~~
      |                                |                        |
      |                                unsigned int             address_type {aka long long unsigned int}
      |                               %llx
../src/cuda-sim/../abstract_hardware_model.h:2006:46: warning: format ‘%x’ expects argument of type ‘unsigned int’, but argument 3 has type ‘address_type’ {aka ‘long long unsigned int’} [-Wformat=]
 2006 |             printf("dst->pc = %x, src->pc = %x\n", dst->pc, src->pc);
      |                                             ~^              ~~~~~~~
      |                                              |                   |
      |                                              unsigned int        address_type {aka long long unsigned int}
      |                                             %llx
ar rcs  /home/cliu/wk/accorde/3rdparty/modern-gpu-simulator-micro-2025/simulator-remodeled/gpu-simulator/gpgpu-sim/build/gcc-/cuda-12040/release/fusedMemory/libgpu_fusedMemory_sim.a /home/cliu/wk/accorde/3rdparty/modern-gpu-simulator-micro-2025/simulator-remodeled/gpu-simulator/gpgpu-sim/build/gcc-/cuda-12040/release/fusedMemory/coalescingStats.o
make[2]: Leaving directory '/home/cliu/wk/accorde/3rdparty/modern-gpu-simulator-micro-2025/simulator-remodeled/gpu-simulator/gpgpu-sim/src/gpgpu-sim/remodeling/fusedMemory'
make -C ./src/gpgpu-sim/remodeling/ depend
make[2]: Entering directory '/home/cliu/wk/accorde/3rdparty/modern-gpu-simulator-micro-2025/simulator-remodeled/gpu-simulator/gpgpu-sim/src/gpgpu-sim/remodeling'
touch /home/cliu/wk/accorde/3rdparty/modern-gpu-simulator-micro-2025/simulator-remodeled/gpu-simulator/gpgpu-sim/build/gcc-/cuda-12040/release/remodeling/Makefile.makedepend
makedepend -f/home/cliu/wk/accorde/3rdparty/modern-gpu-simulator-micro-2025/simulator-remodeled/gpu-simulator/gpgpu-sim/build/gcc-/cuda-12040/release/remodeling/Makefile.makedepend -p/home/cliu/wk/accorde/3rdparty/modern-gpu-simulator-micro-2025/simulator-remodeled/gpu-simulator/gpgpu-sim/build/gcc-/cuda-12040/release/remodeling/ first_level_instruction_cache.cc functional_unit.cc gmmu.cc ibuffer_remodeled.cc l0_icnt.cc ldst_unit_sm.cc page_table_walker.cc register_file.cc sm.cc stream_buffer.cc subcore.cc warp_dependency_state.cc 2> /dev/null
make[2]: 'depend' is up to date.
make[2]: Leaving directory '/home/cliu/wk/accorde/3rdparty/modern-gpu-simulator-micro-2025/simulator-remodeled/gpu-simulator/gpgpu-sim/src/gpgpu-sim/remodeling'
make -C ./src/gpgpu-sim/remodeling/
make[2]: Entering directory '/home/cliu/wk/accorde/3rdparty/modern-gpu-simulator-micro-2025/simulator-remodeled/gpu-simulator/gpgpu-sim/src/gpgpu-sim/remodeling'
touch /home/cliu/wk/accorde/3rdparty/modern-gpu-simulator-micro-2025/simulator-remodeled/gpu-simulator/gpgpu-sim/build/gcc-/cuda-12040/release/remodeling/Makefile.makedepend
makedepend -f/home/cliu/wk/accorde/3rdparty/modern-gpu-simulator-micro-2025/simulator-remodeled/gpu-simulator/gpgpu-sim/build/gcc-/cuda-12040/release/remodeling/Makefile.makedepend -p/home/cliu/wk/accorde/3rdparty/modern-gpu-simulator-micro-2025/simulator-remodeled/gpu-simulator/gpgpu-sim/build/gcc-/cuda-12040/release/remodeling/ first_level_instruction_cache.cc functional_unit.cc gmmu.cc ibuffer_remodeled.cc l0_icnt.cc ldst_unit_sm.cc page_table_walker.cc register_file.cc sm.cc stream_buffer.cc subcore.cc warp_dependency_state.cc 2> /dev/null
g++  -O3 -g3 -fPIC -DCUDART_VERSION=12040 -fopenmp -Wall -DTRACING_ON=1 -std=c++17 -I/usr/local/cuda-12.4/include  -o /home/cliu/wk/accorde/3rdparty/modern-gpu-simulator-micro-2025/simulator-remodeled/gpu-simulator/gpgpu-sim/build/gcc-/cuda-12040/release/remodeling/first_level_instruction_cache.o -c first_level_instruction_cache.cc
g++  -O3 -g3 -fPIC -DCUDART_VERSION=12040 -fopenmp -Wall -DTRACING_ON=1 -std=c++17 -I/usr/local/cuda-12.4/include  -o /home/cliu/wk/accorde/3rdparty/modern-gpu-simulator-micro-2025/simulator-remodeled/gpu-simulator/gpgpu-sim/build/gcc-/cuda-12040/release/remodeling/functional_unit.o -c functional_unit.cc
g++  -O3 -g3 -fPIC -DCUDART_VERSION=12040 -fopenmp -Wall -DTRACING_ON=1 -std=c++17 -I/usr/local/cuda-12.4/include  -o /home/cliu/wk/accorde/3rdparty/modern-gpu-simulator-micro-2025/simulator-remodeled/gpu-simulator/gpgpu-sim/build/gcc-/cuda-12040/release/remodeling/gmmu.o -c gmmu.cc
g++  -O3 -g3 -fPIC -DCUDART_VERSION=12040 -fopenmp -Wall -DTRACING_ON=1 -std=c++17 -I/usr/local/cuda-12.4/include  -o /home/cliu/wk/accorde/3rdparty/modern-gpu-simulator-micro-2025/simulator-remodeled/gpu-simulator/gpgpu-sim/build/gcc-/cuda-12040/release/remodeling/ibuffer_remodeled.o -c ibuffer_remodeled.cc
g++  -O3 -g3 -fPIC -DCUDART_VERSION=12040 -fopenmp -Wall -DTRACING_ON=1 -std=c++17 -I/usr/local/cuda-12.4/include  -o /home/cliu/wk/accorde/3rdparty/modern-gpu-simulator-micro-2025/simulator-remodeled/gpu-simulator/gpgpu-sim/build/gcc-/cuda-12040/release/remodeling/l0_icnt.o -c l0_icnt.cc
g++  -O3 -g3 -fPIC -DCUDART_VERSION=12040 -fopenmp -Wall -DTRACING_ON=1 -std=c++17 -I/usr/local/cuda-12.4/include  -o /home/cliu/wk/accorde/3rdparty/modern-gpu-simulator-micro-2025/simulator-remodeled/gpu-simulator/gpgpu-sim/build/gcc-/cuda-12040/release/remodeling/ldst_unit_sm.o -c ldst_unit_sm.cc
g++  -O3 -g3 -fPIC -DCUDART_VERSION=12040 -fopenmp -Wall -DTRACING_ON=1 -std=c++17 -I/usr/local/cuda-12.4/include  -o /home/cliu/wk/accorde/3rdparty/modern-gpu-simulator-micro-2025/simulator-remodeled/gpu-simulator/gpgpu-sim/build/gcc-/cuda-12040/release/remodeling/page_table_walker.o -c page_table_walker.cc
g++  -O3 -g3 -fPIC -DCUDART_VERSION=12040 -fopenmp -Wall -DTRACING_ON=1 -std=c++17 -I/usr/local/cuda-12.4/include  -o /home/cliu/wk/accorde/3rdparty/modern-gpu-simulator-micro-2025/simulator-remodeled/gpu-simulator/gpgpu-sim/build/gcc-/cuda-12040/release/remodeling/register_file.o -c register_file.cc
g++  -O3 -g3 -fPIC -DCUDART_VERSION=12040 -fopenmp -Wall -DTRACING_ON=1 -std=c++17 -I/usr/local/cuda-12.4/include  -o /home/cliu/wk/accorde/3rdparty/modern-gpu-simulator-micro-2025/simulator-remodeled/gpu-simulator/gpgpu-sim/build/gcc-/cuda-12040/release/remodeling/sm.o -c sm.cc
g++  -O3 -g3 -fPIC -DCUDART_VERSION=12040 -fopenmp -Wall -DTRACING_ON=1 -std=c++17 -I/usr/local/cuda-12.4/include  -o /home/cliu/wk/accorde/3rdparty/modern-gpu-simulator-micro-2025/simulator-remodeled/gpu-simulator/gpgpu-sim/build/gcc-/cuda-12040/release/remodeling/stream_buffer.o -c stream_buffer.cc
g++  -O3 -g3 -fPIC -DCUDART_VERSION=12040 -fopenmp -Wall -DTRACING_ON=1 -std=c++17 -I/usr/local/cuda-12.4/include  -o /home/cliu/wk/accorde/3rdparty/modern-gpu-simulator-micro-2025/simulator-remodeled/gpu-simulator/gpgpu-sim/build/gcc-/cuda-12040/release/remodeling/subcore.o -c subcore.cc
g++  -O3 -g3 -fPIC -DCUDART_VERSION=12040 -fopenmp -Wall -DTRACING_ON=1 -std=c++17 -I/usr/local/cuda-12.4/include  -o /home/cliu/wk/accorde/3rdparty/modern-gpu-simulator-micro-2025/simulator-remodeled/gpu-simulator/gpgpu-sim/build/gcc-/cuda-12040/release/remodeling/warp_dependency_state.o -c warp_dependency_state.cc
In file included from ../mem_fetch.h:33,
                 from page_table_walker.h:31,
                 from gmmu.h:33,
                 from gmmu.cc:29:
../../abstract_hardware_model.h: In function ‘void move_warp_uniptr_impl(std::unique_ptr<warp_inst_t>&, std::unique_ptr<warp_inst_t>&, const char*, int)’:
../../abstract_hardware_model.h:2006:32: warning: format ‘%x’ expects argument of type ‘unsigned int’, but argument 2 has type ‘address_type’ {aka ‘long long unsigned int’} [-Wformat=]
 2006 |             printf("dst->pc = %x, src->pc = %x\n", dst->pc, src->pc);
      |                               ~^                   ~~~~~~~
      |                                |                        |
      |                                unsigned int             address_type {aka long long unsigned int}
      |                               %llx
../../abstract_hardware_model.h:2006:46: warning: format ‘%x’ expects argument of type ‘unsigned int’, but argument 3 has type ‘address_type’ {aka ‘long long unsigned int’} [-Wformat=]
 2006 |             printf("dst->pc = %x, src->pc = %x\n", dst->pc, src->pc);
      |                                             ~^              ~~~~~~~
      |                                              |                   |
      |                                              unsigned int        address_type {aka long long unsigned int}
      |                                             %llx
In file included from ../mem_fetch.h:33,
                 from page_table_walker.h:31,
                 from page_table_walker.cc:29:
../../abstract_hardware_model.h: In function ‘void move_warp_uniptr_impl(std::unique_ptr<warp_inst_t>&, std::unique_ptr<warp_inst_t>&, const char*, int)’:
../../abstract_hardware_model.h:2006:32: warning: format ‘%x’ expects argument of type ‘unsigned int’, but argument 2 has type ‘address_type’ {aka ‘long long unsigned int’} [-Wformat=]
 2006 |             printf("dst->pc = %x, src->pc = %x\n", dst->pc, src->pc);
      |                               ~^                   ~~~~~~~
      |                                |                        |
      |                                unsigned int             address_type {aka long long unsigned int}
      |                               %llx
../../abstract_hardware_model.h:2006:46: warning: format ‘%x’ expects argument of type ‘unsigned int’, but argument 3 has type ‘address_type’ {aka ‘long long unsigned int’} [-Wformat=]
 2006 |             printf("dst->pc = %x, src->pc = %x\n", dst->pc, src->pc);
      |                                             ~^              ~~~~~~~
      |                                              |                   |
      |                                              unsigned int        address_type {aka long long unsigned int}
      |                                             %llx
In file included from first_level_instruction_cache.h:31,
                 from first_level_instruction_cache.cc:29:
../../abstract_hardware_model.h: In function ‘void move_warp_uniptr_impl(std::unique_ptr<warp_inst_t>&, std::unique_ptr<warp_inst_t>&, const char*, int)’:
../../abstract_hardware_model.h:2006:32: warning: format ‘%x’ expects argument of type ‘unsigned int’, but argument 2 has type ‘address_type’ {aka ‘long long unsigned int’} [-Wformat=]
 2006 |             printf("dst->pc = %x, src->pc = %x\n", dst->pc, src->pc);
      |                               ~^                   ~~~~~~~
      |                                |                        |
      |                                unsigned int             address_type {aka long long unsigned int}
      |                               %llx
../../abstract_hardware_model.h:2006:46: warning: format ‘%x’ expects argument of type ‘unsigned int’, but argument 3 has type ‘address_type’ {aka ‘long long unsigned int’} [-Wformat=]
 2006 |             printf("dst->pc = %x, src->pc = %x\n", dst->pc, src->pc);
      |                                             ~^              ~~~~~~~
      |                                              |                   |
      |                                              unsigned int        address_type {aka long long unsigned int}
      |                                             %llx
In file included from warp_dependency_state.h:34,
                 from warp_dependency_state.cc:32:
../../abstract_hardware_model.h: In function ‘void move_warp_uniptr_impl(std::unique_ptr<warp_inst_t>&, std::unique_ptr<warp_inst_t>&, const char*, int)’:
../../abstract_hardware_model.h:2006:32: warning: format ‘%x’ expects argument of type ‘unsigned int’, but argument 2 has type ‘address_type’ {aka ‘long long unsigned int’} [-Wformat=]
 2006 |             printf("dst->pc = %x, src->pc = %x\n", dst->pc, src->pc);
      |                               ~^                   ~~~~~~~
      |                                |                        |
      |                                unsigned int             address_type {aka long long unsigned int}
      |                               %llx
../../abstract_hardware_model.h:2006:46: warning: format ‘%x’ expects argument of type ‘unsigned int’, but argument 3 has type ‘address_type’ {aka ‘long long unsigned int’} [-Wformat=]
 2006 |             printf("dst->pc = %x, src->pc = %x\n", dst->pc, src->pc);
      |                                             ~^              ~~~~~~~
      |                                              |                   |
      |                                              unsigned int        address_type {aka long long unsigned int}
      |                                             %llx
In file included from l0_icnt.h:31,
                 from l0_icnt.cc:29:
../../abstract_hardware_model.h: In function ‘void move_warp_uniptr_impl(std::unique_ptr<warp_inst_t>&, std::unique_ptr<warp_inst_t>&, const char*, int)’:
../../abstract_hardware_model.h:2006:32: warning: format ‘%x’ expects argument of type ‘unsigned int’, but argument 2 has type ‘address_type’ {aka ‘long long unsigned int’} [-Wformat=]
 2006 |             printf("dst->pc = %x, src->pc = %x\n", dst->pc, src->pc);
      |                               ~^                   ~~~~~~~
      |                                |                        |
      |                                unsigned int             address_type {aka long long unsigned int}
      |                               %llx
../../abstract_hardware_model.h:2006:46: warning: format ‘%x’ expects argument of type ‘unsigned int’, but argument 3 has type ‘address_type’ {aka ‘long long unsigned int’} [-Wformat=]
 2006 |             printf("dst->pc = %x, src->pc = %x\n", dst->pc, src->pc);
      |                                             ~^              ~~~~~~~
      |                                              |                   |
      |                                              unsigned int        address_type {aka long long unsigned int}
      |                                             %llx
In file included from functional_unit.h:37,
                 from functional_unit.cc:30:
../../abstract_hardware_model.h: In function ‘void move_warp_uniptr_impl(std::unique_ptr<warp_inst_t>&, std::unique_ptr<warp_inst_t>&, const char*, int)’:
../../abstract_hardware_model.h:2006:32: warning: format ‘%x’ expects argument of type ‘unsigned int’, but argument 2 has type ‘address_type’ {aka ‘long long unsigned int’} [-Wformat=]
 2006 |             printf("dst->pc = %x, src->pc = %x\n", dst->pc, src->pc);
      |                               ~^                   ~~~~~~~
      |                                |                        |
      |                                unsigned int             address_type {aka long long unsigned int}
      |                               %llx
../../abstract_hardware_model.h:2006:46: warning: format ‘%x’ expects argument of type ‘unsigned int’, but argument 3 has type ‘address_type’ {aka ‘long long unsigned int’} [-Wformat=]
 2006 |             printf("dst->pc = %x, src->pc = %x\n", dst->pc, src->pc);
      |                                             ~^              ~~~~~~~
      |                                              |                   |
      |                                              unsigned int        address_type {aka long long unsigned int}
      |                                             %llx
In file included from stream_buffer.h:31,
                 from stream_buffer.cc:29:
../../abstract_hardware_model.h: In function ‘void move_warp_uniptr_impl(std::unique_ptr<warp_inst_t>&, std::unique_ptr<warp_inst_t>&, const char*, int)’:
../../abstract_hardware_model.h:2006:32: warning: format ‘%x’ expects argument of type ‘unsigned int’, but argument 2 has type ‘address_type’ {aka ‘long long unsigned int’} [-Wformat=]
 2006 |             printf("dst->pc = %x, src->pc = %x\n", dst->pc, src->pc);
      |                               ~^                   ~~~~~~~
      |                                |                        |
      |                                unsigned int             address_type {aka long long unsigned int}
      |                               %llx
../../abstract_hardware_model.h:2006:46: warning: format ‘%x’ expects argument of type ‘unsigned int’, but argument 3 has type ‘address_type’ {aka ‘long long unsigned int’} [-Wformat=]
 2006 |             printf("dst->pc = %x, src->pc = %x\n", dst->pc, src->pc);
      |                                             ~^              ~~~~~~~
      |                                              |                   |
      |                                              unsigned int        address_type {aka long long unsigned int}
      |                                             %llx
In file included from subcore.h:31,
                 from register_file.cc:34:
../../abstract_hardware_model.h: In function ‘void move_warp_uniptr_impl(std::unique_ptr<warp_inst_t>&, std::unique_ptr<warp_inst_t>&, const char*, int)’:
../../abstract_hardware_model.h:2006:32: warning: format ‘%x’ expects argument of type ‘unsigned int’, but argument 2 has type ‘address_type’ {aka ‘long long unsigned int’} [-Wformat=]
 2006 |             printf("dst->pc = %x, src->pc = %x\n", dst->pc, src->pc);
      |                               ~^                   ~~~~~~~
      |                                |                        |
      |                                unsigned int             address_type {aka long long unsigned int}
      |                               %llx
../../abstract_hardware_model.h:2006:46: warning: format ‘%x’ expects argument of type ‘unsigned int’, but argument 3 has type ‘address_type’ {aka ‘long long unsigned int’} [-Wformat=]
 2006 |             printf("dst->pc = %x, src->pc = %x\n", dst->pc, src->pc);
      |                                             ~^              ~~~~~~~
      |                                              |                   |
      |                                              unsigned int        address_type {aka long long unsigned int}
      |                                             %llx
In file included from ../shader.h:79,
                 from ldst_unit_sm.h:38,
                 from ldst_unit_sm.cc:29:
../../abstract_hardware_model.h: In function ‘void move_warp_uniptr_impl(std::unique_ptr<warp_inst_t>&, std::unique_ptr<warp_inst_t>&, const char*, int)’:
../../abstract_hardware_model.h:2006:32: warning: format ‘%x’ expects argument of type ‘unsigned int’, but argument 2 has type ‘address_type’ {aka ‘long long unsigned int’} [-Wformat=]
 2006 |             printf("dst->pc = %x, src->pc = %x\n", dst->pc, src->pc);
      |                               ~^                   ~~~~~~~
      |                                |                        |
      |                                unsigned int             address_type {aka long long unsigned int}
      |                               %llx
../../abstract_hardware_model.h:2006:46: warning: format ‘%x’ expects argument of type ‘unsigned int’, but argument 3 has type ‘address_type’ {aka ‘long long unsigned int’} [-Wformat=]
 2006 |             printf("dst->pc = %x, src->pc = %x\n", dst->pc, src->pc);
      |                                             ~^              ~~~~~~~
      |                                              |                   |
      |                                              unsigned int        address_type {aka long long unsigned int}
      |                                             %llx
In file included from ibuffer_remodeled.h:31,
                 from ibuffer_remodeled.cc:30:
../../abstract_hardware_model.h: In function ‘void move_warp_uniptr_impl(std::unique_ptr<warp_inst_t>&, std::unique_ptr<warp_inst_t>&, const char*, int)’:
../../abstract_hardware_model.h:2006:32: warning: format ‘%x’ expects argument of type ‘unsigned int’, but argument 2 has type ‘address_type’ {aka ‘long long unsigned int’} [-Wformat=]
 2006 |             printf("dst->pc = %x, src->pc = %x\n", dst->pc, src->pc);
      |                               ~^                   ~~~~~~~
      |                                |                        |
      |                                unsigned int             address_type {aka long long unsigned int}
      |                               %llx
../../abstract_hardware_model.h:2006:46: warning: format ‘%x’ expects argument of type ‘unsigned int’, but argument 3 has type ‘address_type’ {aka ‘long long unsigned int’} [-Wformat=]
 2006 |             printf("dst->pc = %x, src->pc = %x\n", dst->pc, src->pc);
      |                                             ~^              ~~~~~~~
      |                                              |                   |
      |                                              unsigned int        address_type {aka long long unsigned int}
      |                                             %llx
In file included from subcore.h:31,
                 from subcore.cc:32:
../../abstract_hardware_model.h: In function ‘void move_warp_uniptr_impl(std::unique_ptr<warp_inst_t>&, std::unique_ptr<warp_inst_t>&, const char*, int)’:
../../abstract_hardware_model.h:2006:32: warning: format ‘%x’ expects argument of type ‘unsigned int’, but argument 2 has type ‘address_type’ {aka ‘long long unsigned int’} [-Wformat=]
 2006 |             printf("dst->pc = %x, src->pc = %x\n", dst->pc, src->pc);
      |                               ~^                   ~~~~~~~
      |                                |                        |
      |                                unsigned int             address_type {aka long long unsigned int}
      |                               %llx
../../abstract_hardware_model.h:2006:46: warning: format ‘%x’ expects argument of type ‘unsigned int’, but argument 3 has type ‘address_type’ {aka ‘long long unsigned int’} [-Wformat=]
 2006 |             printf("dst->pc = %x, src->pc = %x\n", dst->pc, src->pc);
      |                                             ~^              ~~~~~~~
      |                                              |                   |
      |                                              unsigned int        address_type {aka long long unsigned int}
      |                                             %llx
In file included from sm.h:31,
                 from sm.cc:30:
../../abstract_hardware_model.h: In function ‘void move_warp_uniptr_impl(std::unique_ptr<warp_inst_t>&, std::unique_ptr<warp_inst_t>&, const char*, int)’:
../../abstract_hardware_model.h:2006:32: warning: format ‘%x’ expects argument of type ‘unsigned int’, but argument 2 has type ‘address_type’ {aka ‘long long unsigned int’} [-Wformat=]
 2006 |             printf("dst->pc = %x, src->pc = %x\n", dst->pc, src->pc);
      |                               ~^                   ~~~~~~~
      |                                |                        |
      |                                unsigned int             address_type {aka long long unsigned int}
      |                               %llx
../../abstract_hardware_model.h:2006:46: warning: format ‘%x’ expects argument of type ‘unsigned int’, but argument 3 has type ‘address_type’ {aka ‘long long unsigned int’} [-Wformat=]
 2006 |             printf("dst->pc = %x, src->pc = %x\n", dst->pc, src->pc);
      |                                             ~^              ~~~~~~~
      |                                              |                   |
      |                                              unsigned int        address_type {aka long long unsigned int}
      |                                             %llx
functional_unit.cc: In member function ‘virtual void functional_unit::issue(register_set_uniptr&)’:
functional_unit.cc:175:99: warning: format ‘%x’ expects argument of type ‘unsigned int’, but argument 2 has type ‘address_type’ {aka ‘long long unsigned int’} [-Wformat=]
  175 |       printf("WARNING: Overwriting m_dispatch_reg! Pipeline structural stall bug. Old inst: PC=0x%x, New inst: PC=0x%x\n", m_dispatch_reg->pc, ready_reg->pc);
      |                                                                                                  ~^                        ~~~~~~~~~~~~~~~~~~
      |                                                                                                   |                                        |
      |                                                                                                   unsigned int                             address_type {aka long long unsigned int}
      |                                                                                                  %llx
functional_unit.cc:175:118: warning: format ‘%x’ expects argument of type ‘unsigned int’, but argument 3 has type ‘address_type’ {aka ‘long long unsigned int’} [-Wformat=]
  175 |       printf("WARNING: Overwriting m_dispatch_reg! Pipeline structural stall bug. Old inst: PC=0x%x, New inst: PC=0x%x\n", m_dispatch_reg->pc, ready_reg->pc);
      |                                                                                                                     ~^                         ~~~~~~~~~~~~~
      |                                                                                                                      |                                    |
      |                                                                                                                      unsigned int                         address_type {aka long long unsigned int}
      |                                                                                                                     %llx
subcore.cc: In member function ‘bool Subcore::are_l1c_operands_ready(SM*, const warp_inst_t*)’:
subcore.cc:769:20: warning: loop variable ‘mem_acc’ creates a copy from type ‘const mem_access_t’ [-Wrange-loop-construct]
  769 |     for(const auto mem_acc : pI->get_mem_accesses()) {
      |                    ^~~~~~~
subcore.cc:769:20: note: use reference type to prevent copying
  769 |     for(const auto mem_acc : pI->get_mem_accesses()) {
      |                    ^~~~~~~
      |                    &
subcore.cc: In member function ‘void Subcore::decode(SM*)’:
subcore.cc:986:24: warning: unused variable ‘current_cycle’ [-Wunused-variable]
  986 |     unsigned long long current_cycle = shared_sm->get_current_gpu_cycle();
      |                        ^~~~~~~~~~~~~
subcore.cc: In member function ‘void Subcore::fetch(SM*)’:
subcore.cc:1038:24: warning: unused variable ‘current_cycle’ [-Wunused-variable]
 1038 |     unsigned long long current_cycle = shared_sm->get_current_gpu_cycle();
      |                        ^~~~~~~~~~~~~
echo /home/cliu/wk/accorde/3rdparty/modern-gpu-simulator-micro-2025/simulator-remodeled/gpu-simulator/gpgpu-sim/build/gcc-/cuda-12040/release/libcuda/cuda_runtime_api.o /home/cliu/wk/accorde/3rdparty/modern-gpu-simulator-micro-2025/simulator-remodeled/gpu-simulator/gpgpu-sim/build/gcc-/cuda-12040/release/libcuda/cuobjdump_lexer.o /home/cliu/wk/accorde/3rdparty/modern-gpu-simulator-micro-2025/simulator-remodeled/gpu-simulator/gpgpu-sim/build/gcc-/cuda-12040/release/libcuda/cuobjdump_parser.o
/home/cliu/wk/accorde/3rdparty/modern-gpu-simulator-micro-2025/simulator-remodeled/gpu-simulator/gpgpu-sim/build/gcc-/cuda-12040/release/libcuda/cuda_runtime_api.o /home/cliu/wk/accorde/3rdparty/modern-gpu-simulator-micro-2025/simulator-remodeled/gpu-simulator/gpgpu-sim/build/gcc-/cuda-12040/release/libcuda/cuobjdump_lexer.o /home/cliu/wk/accorde/3rdparty/modern-gpu-simulator-micro-2025/simulator-remodeled/gpu-simulator/gpgpu-sim/build/gcc-/cuda-12040/release/libcuda/cuobjdump_parser.o
ar rcs /home/cliu/wk/accorde/3rdparty/modern-gpu-simulator-micro-2025/simulator-remodeled/gpu-simulator/gpgpu-sim/build/gcc-/cuda-12040/release/libcuda/libcuda.a /home/cliu/wk/accorde/3rdparty/modern-gpu-simulator-micro-2025/simulator-remodeled/gpu-simulator/gpgpu-sim/build/gcc-/cuda-12040/release/libcuda/cuda_runtime_api.o /home/cliu/wk/accorde/3rdparty/modern-gpu-simulator-micro-2025/simulator-remodeled/gpu-simulator/gpgpu-sim/build/gcc-/cuda-12040/release/libcuda/cuobjdump_lexer.o /home/cliu/wk/accorde/3rdparty/modern-gpu-simulator-micro-2025/simulator-remodeled/gpu-simulator/gpgpu-sim/build/gcc-/cuda-12040/release/libcuda/cuobjdump_parser.o
make[2]: Leaving directory '/home/cliu/wk/accorde/3rdparty/modern-gpu-simulator-micro-2025/simulator-remodeled/gpu-simulator/gpgpu-sim/libcuda'
ar rcs  /home/cliu/wk/accorde/3rdparty/modern-gpu-simulator-micro-2025/simulator-remodeled/gpu-simulator/gpgpu-sim/build/gcc-/cuda-12040/release/remodeling/libgpu_remodeling_uarch_sim.a /home/cliu/wk/accorde/3rdparty/modern-gpu-simulator-micro-2025/simulator-remodeled/gpu-simulator/gpgpu-sim/build/gcc-/cuda-12040/release/remodeling/first_level_instruction_cache.o /home/cliu/wk/accorde/3rdparty/modern-gpu-simulator-micro-2025/simulator-remodeled/gpu-simulator/gpgpu-sim/build/gcc-/cuda-12040/release/remodeling/functional_unit.o /home/cliu/wk/accorde/3rdparty/modern-gpu-simulator-micro-2025/simulator-remodeled/gpu-simulator/gpgpu-sim/build/gcc-/cuda-12040/release/remodeling/gmmu.o /home/cliu/wk/accorde/3rdparty/modern-gpu-simulator-micro-2025/simulator-remodeled/gpu-simulator/gpgpu-sim/build/gcc-/cuda-12040/release/remodeling/ibuffer_remodeled.o /home/cliu/wk/accorde/3rdparty/modern-gpu-simulator-micro-2025/simulator-remodeled/gpu-simulator/gpgpu-sim/build/gcc-/cuda-12040/release/remodeling/l0_icnt.o /home/cliu/wk/accorde/3rdparty/modern-gpu-simulator-micro-2025/simulator-remodeled/gpu-simulator/gpgpu-sim/build/gcc-/cuda-12040/release/remodeling/ldst_unit_sm.o /home/cliu/wk/accorde/3rdparty/modern-gpu-simulator-micro-2025/simulator-remodeled/gpu-simulator/gpgpu-sim/build/gcc-/cuda-12040/release/remodeling/page_table_walker.o /home/cliu/wk/accorde/3rdparty/modern-gpu-simulator-micro-2025/simulator-remodeled/gpu-simulator/gpgpu-sim/build/gcc-/cuda-12040/release/remodeling/register_file.o /home/cliu/wk/accorde/3rdparty/modern-gpu-simulator-micro-2025/simulator-remodeled/gpu-simulator/gpgpu-sim/build/gcc-/cuda-12040/release/remodeling/sm.o /home/cliu/wk/accorde/3rdparty/modern-gpu-simulator-micro-2025/simulator-remodeled/gpu-simulator/gpgpu-sim/build/gcc-/cuda-12040/release/remodeling/stream_buffer.o /home/cliu/wk/accorde/3rdparty/modern-gpu-simulator-micro-2025/simulator-remodeled/gpu-simulator/gpgpu-sim/build/gcc-/cuda-12040/release/remodeling/subcore.o /home/cliu/wk/accorde/3rdparty/modern-gpu-simulator-micro-2025/simulator-remodeled/gpu-simulator/gpgpu-sim/build/gcc-/cuda-12040/release/remodeling/warp_dependency_state.o
make[2]: Leaving directory '/home/cliu/wk/accorde/3rdparty/modern-gpu-simulator-micro-2025/simulator-remodeled/gpu-simulator/gpgpu-sim/src/gpgpu-sim/remodeling'
make -C ./src/gpgpu-sim/ depend
make[2]: Entering directory '/home/cliu/wk/accorde/3rdparty/modern-gpu-simulator-micro-2025/simulator-remodeled/gpu-simulator/gpgpu-sim/src/gpgpu-sim'
touch /home/cliu/wk/accorde/3rdparty/modern-gpu-simulator-micro-2025/simulator-remodeled/gpu-simulator/gpgpu-sim/build/gcc-/cuda-12040/release/gpgpu-sim/Makefile.makedepend
makedepend -f/home/cliu/wk/accorde/3rdparty/modern-gpu-simulator-micro-2025/simulator-remodeled/gpu-simulator/gpgpu-sim/build/gcc-/cuda-12040/release/gpgpu-sim/Makefile.makedepend -p/home/cliu/wk/accorde/3rdparty/modern-gpu-simulator-micro-2025/simulator-remodeled/gpu-simulator/gpgpu-sim/build/gcc-/cuda-12040/release/gpgpu-sim/ addrdec.cc dram.cc dram_sched.cc gpu-cache.cc gpu-misc.cc gpu-sim.cc hashing.cc histogram.cc icnt_wrapper.cc l2cache.cc local_interconnect.cc mem_fetch.cc mem_latency_stat.cc power_stat.cc result_bus.cc scoreboard.cc scoreboard_reads.cc shader.cc stack.cc stat-tool.cc traffic_breakdown.cc visualizer.cc 2> /dev/null
make[2]: 'depend' is up to date.
make[2]: Leaving directory '/home/cliu/wk/accorde/3rdparty/modern-gpu-simulator-micro-2025/simulator-remodeled/gpu-simulator/gpgpu-sim/src/gpgpu-sim'
make -C ./src/gpgpu-sim/
make[2]: Entering directory '/home/cliu/wk/accorde/3rdparty/modern-gpu-simulator-micro-2025/simulator-remodeled/gpu-simulator/gpgpu-sim/src/gpgpu-sim'
touch /home/cliu/wk/accorde/3rdparty/modern-gpu-simulator-micro-2025/simulator-remodeled/gpu-simulator/gpgpu-sim/build/gcc-/cuda-12040/release/gpgpu-sim/Makefile.makedepend
makedepend -f/home/cliu/wk/accorde/3rdparty/modern-gpu-simulator-micro-2025/simulator-remodeled/gpu-simulator/gpgpu-sim/build/gcc-/cuda-12040/release/gpgpu-sim/Makefile.makedepend -p/home/cliu/wk/accorde/3rdparty/modern-gpu-simulator-micro-2025/simulator-remodeled/gpu-simulator/gpgpu-sim/build/gcc-/cuda-12040/release/gpgpu-sim/ addrdec.cc dram.cc dram_sched.cc gpu-cache.cc gpu-misc.cc gpu-sim.cc hashing.cc histogram.cc icnt_wrapper.cc l2cache.cc local_interconnect.cc mem_fetch.cc mem_latency_stat.cc power_stat.cc result_bus.cc scoreboard.cc scoreboard_reads.cc shader.cc stack.cc stat-tool.cc traffic_breakdown.cc visualizer.cc 2> /dev/null
make -C ./remodeling/fusedMemory
make[3]: Entering directory '/home/cliu/wk/accorde/3rdparty/modern-gpu-simulator-micro-2025/simulator-remodeled/gpu-simulator/gpgpu-sim/src/gpgpu-sim'
make[3]: warning: jobserver unavailable: using -j1.  Add '+' to parent make rule.
touch /home/cliu/wk/accorde/3rdparty/modern-gpu-simulator-micro-2025/simulator-remodeled/gpu-simulator/gpgpu-sim/build/gcc-/cuda-12040/release/fusedMemory/Makefile.makedepend
makedepend -f/home/cliu/wk/accorde/3rdparty/modern-gpu-simulator-micro-2025/simulator-remodeled/gpu-simulator/gpgpu-sim/build/gcc-/cuda-12040/release/fusedMemory/Makefile.makedepend -p/home/cliu/wk/accorde/3rdparty/modern-gpu-simulator-micro-2025/simulator-remodeled/gpu-simulator/gpgpu-sim/build/gcc-/cuda-12040/release/fusedMemory/ coalescingStats.cc 2> /dev/null
ar rcs  /home/cliu/wk/accorde/3rdparty/modern-gpu-simulator-micro-2025/simulator-remodeled/gpu-simulator/gpgpu-sim/build/gcc-/cuda-12040/release/fusedMemory/libgpu_fusedMemory_sim.a /home/cliu/wk/accorde/3rdparty/modern-gpu-simulator-micro-2025/simulator-remodeled/gpu-simulator/gpgpu-sim/build/gcc-/cuda-12040/release/fusedMemory/coalescingStats.o
make[3]: Leaving directory '/home/cliu/wk/accorde/3rdparty/modern-gpu-simulator-micro-2025/simulator-remodeled/gpu-simulator/gpgpu-sim/src/gpgpu-sim/remodeling/fusedMemory'
g++  -O3 -g3 -fPIC -DCUDART_VERSION=12040 -fopenmp -Wall -DTRACING_ON=1 -std=c++17 -I/usr/local/cuda-12.4/include  -o /home/cliu/wk/accorde/3rdparty/modern-gpu-simulator-micro-2025/simulator-remodeled/gpu-simulator/gpgpu-sim/build/gcc-/cuda-12040/release/gpgpu-sim/addrdec.o -c addrdec.cc
g++  -O3 -g3 -fPIC -DCUDART_VERSION=12040 -fopenmp -Wall -DTRACING_ON=1 -std=c++17 -I/usr/local/cuda-12.4/include  -o /home/cliu/wk/accorde/3rdparty/modern-gpu-simulator-micro-2025/simulator-remodeled/gpu-simulator/gpgpu-sim/build/gcc-/cuda-12040/release/gpgpu-sim/dram.o -c dram.cc
g++  -O3 -g3 -fPIC -DCUDART_VERSION=12040 -fopenmp -Wall -DTRACING_ON=1 -std=c++17 -I/usr/local/cuda-12.4/include  -o /home/cliu/wk/accorde/3rdparty/modern-gpu-simulator-micro-2025/simulator-remodeled/gpu-simulator/gpgpu-sim/build/gcc-/cuda-12040/release/gpgpu-sim/dram_sched.o -c dram_sched.cc
g++  -O3 -g3 -fPIC -DCUDART_VERSION=12040 -fopenmp -Wall -DTRACING_ON=1 -std=c++17 -I/usr/local/cuda-12.4/include  -o /home/cliu/wk/accorde/3rdparty/modern-gpu-simulator-micro-2025/simulator-remodeled/gpu-simulator/gpgpu-sim/build/gcc-/cuda-12040/release/gpgpu-sim/gpu-cache.o -c gpu-cache.cc
g++  -O3 -g3 -fPIC -DCUDART_VERSION=12040 -fopenmp -Wall -DTRACING_ON=1 -std=c++17 -I/usr/local/cuda-12.4/include  -o /home/cliu/wk/accorde/3rdparty/modern-gpu-simulator-micro-2025/simulator-remodeled/gpu-simulator/gpgpu-sim/build/gcc-/cuda-12040/release/gpgpu-sim/gpu-misc.o -c gpu-misc.cc
g++  -O3 -g3 -fPIC -DCUDART_VERSION=12040 -fopenmp -Wall -DTRACING_ON=1 -std=c++17 -I/usr/local/cuda-12.4/include  -o /home/cliu/wk/accorde/3rdparty/modern-gpu-simulator-micro-2025/simulator-remodeled/gpu-simulator/gpgpu-sim/build/gcc-/cuda-12040/release/gpgpu-sim/gpu-sim.o -c gpu-sim.cc
g++  -O3 -g3 -fPIC -DCUDART_VERSION=12040 -fopenmp -Wall -DTRACING_ON=1 -std=c++17 -I/usr/local/cuda-12.4/include  -o /home/cliu/wk/accorde/3rdparty/modern-gpu-simulator-micro-2025/simulator-remodeled/gpu-simulator/gpgpu-sim/build/gcc-/cuda-12040/release/gpgpu-sim/hashing.o -c hashing.cc
g++  -O3 -g3 -fPIC -DCUDART_VERSION=12040 -fopenmp -Wall -DTRACING_ON=1 -std=c++17 -I/usr/local/cuda-12.4/include  -o /home/cliu/wk/accorde/3rdparty/modern-gpu-simulator-micro-2025/simulator-remodeled/gpu-simulator/gpgpu-sim/build/gcc-/cuda-12040/release/gpgpu-sim/histogram.o -c histogram.cc
g++  -O3 -g3 -fPIC -DCUDART_VERSION=12040 -fopenmp -Wall -DTRACING_ON=1 -std=c++17 -I/usr/local/cuda-12.4/include  -o /home/cliu/wk/accorde/3rdparty/modern-gpu-simulator-micro-2025/simulator-remodeled/gpu-simulator/gpgpu-sim/build/gcc-/cuda-12040/release/gpgpu-sim/icnt_wrapper.o -c icnt_wrapper.cc
g++  -O3 -g3 -fPIC -DCUDART_VERSION=12040 -fopenmp -Wall -DTRACING_ON=1 -std=c++17 -I/usr/local/cuda-12.4/include  -o /home/cliu/wk/accorde/3rdparty/modern-gpu-simulator-micro-2025/simulator-remodeled/gpu-simulator/gpgpu-sim/build/gcc-/cuda-12040/release/gpgpu-sim/l2cache.o -c l2cache.cc
g++  -O3 -g3 -fPIC -DCUDART_VERSION=12040 -fopenmp -Wall -DTRACING_ON=1 -std=c++17 -I/usr/local/cuda-12.4/include  -o /home/cliu/wk/accorde/3rdparty/modern-gpu-simulator-micro-2025/simulator-remodeled/gpu-simulator/gpgpu-sim/build/gcc-/cuda-12040/release/gpgpu-sim/local_interconnect.o -c local_interconnect.cc
g++  -O3 -g3 -fPIC -DCUDART_VERSION=12040 -fopenmp -Wall -DTRACING_ON=1 -std=c++17 -I/usr/local/cuda-12.4/include  -o /home/cliu/wk/accorde/3rdparty/modern-gpu-simulator-micro-2025/simulator-remodeled/gpu-simulator/gpgpu-sim/build/gcc-/cuda-12040/release/gpgpu-sim/mem_fetch.o -c mem_fetch.cc
g++  -O3 -g3 -fPIC -DCUDART_VERSION=12040 -fopenmp -Wall -DTRACING_ON=1 -std=c++17 -I/usr/local/cuda-12.4/include  -o /home/cliu/wk/accorde/3rdparty/modern-gpu-simulator-micro-2025/simulator-remodeled/gpu-simulator/gpgpu-sim/build/gcc-/cuda-12040/release/gpgpu-sim/mem_latency_stat.o -c mem_latency_stat.cc
g++  -O3 -g3 -fPIC -DCUDART_VERSION=12040 -fopenmp -Wall -DTRACING_ON=1 -std=c++17 -I/usr/local/cuda-12.4/include  -o /home/cliu/wk/accorde/3rdparty/modern-gpu-simulator-micro-2025/simulator-remodeled/gpu-simulator/gpgpu-sim/build/gcc-/cuda-12040/release/gpgpu-sim/power_stat.o -c power_stat.cc
g++  -O3 -g3 -fPIC -DCUDART_VERSION=12040 -fopenmp -Wall -DTRACING_ON=1 -std=c++17 -I/usr/local/cuda-12.4/include  -o /home/cliu/wk/accorde/3rdparty/modern-gpu-simulator-micro-2025/simulator-remodeled/gpu-simulator/gpgpu-sim/build/gcc-/cuda-12040/release/gpgpu-sim/result_bus.o -c result_bus.cc
g++  -O3 -g3 -fPIC -DCUDART_VERSION=12040 -fopenmp -Wall -DTRACING_ON=1 -std=c++17 -I/usr/local/cuda-12.4/include  -o /home/cliu/wk/accorde/3rdparty/modern-gpu-simulator-micro-2025/simulator-remodeled/gpu-simulator/gpgpu-sim/build/gcc-/cuda-12040/release/gpgpu-sim/scoreboard.o -c scoreboard.cc
g++  -O3 -g3 -fPIC -DCUDART_VERSION=12040 -fopenmp -Wall -DTRACING_ON=1 -std=c++17 -I/usr/local/cuda-12.4/include  -o /home/cliu/wk/accorde/3rdparty/modern-gpu-simulator-micro-2025/simulator-remodeled/gpu-simulator/gpgpu-sim/build/gcc-/cuda-12040/release/gpgpu-sim/scoreboard_reads.o -c scoreboard_reads.cc
g++  -O3 -g3 -fPIC -DCUDART_VERSION=12040 -fopenmp -Wall -DTRACING_ON=1 -std=c++17 -I/usr/local/cuda-12.4/include  -o /home/cliu/wk/accorde/3rdparty/modern-gpu-simulator-micro-2025/simulator-remodeled/gpu-simulator/gpgpu-sim/build/gcc-/cuda-12040/release/gpgpu-sim/shader.o -c shader.cc
g++  -O3 -g3 -fPIC -DCUDART_VERSION=12040 -fopenmp -Wall -DTRACING_ON=1 -std=c++17 -I/usr/local/cuda-12.4/include  -o /home/cliu/wk/accorde/3rdparty/modern-gpu-simulator-micro-2025/simulator-remodeled/gpu-simulator/gpgpu-sim/build/gcc-/cuda-12040/release/gpgpu-sim/stack.o -c stack.cc
g++  -O3 -g3 -fPIC -DCUDART_VERSION=12040 -fopenmp -Wall -DTRACING_ON=1 -std=c++17 -I/usr/local/cuda-12.4/include  -o /home/cliu/wk/accorde/3rdparty/modern-gpu-simulator-micro-2025/simulator-remodeled/gpu-simulator/gpgpu-sim/build/gcc-/cuda-12040/release/gpgpu-sim/stat-tool.o -c stat-tool.cc
g++  -O3 -g3 -fPIC -DCUDART_VERSION=12040 -fopenmp -Wall -DTRACING_ON=1 -std=c++17 -I/usr/local/cuda-12.4/include  -o /home/cliu/wk/accorde/3rdparty/modern-gpu-simulator-micro-2025/simulator-remodeled/gpu-simulator/gpgpu-sim/build/gcc-/cuda-12040/release/gpgpu-sim/traffic_breakdown.o -c traffic_breakdown.cc
g++  -O3 -g3 -fPIC -DCUDART_VERSION=12040 -fopenmp -Wall -DTRACING_ON=1 -std=c++17 -I/usr/local/cuda-12.4/include  -o /home/cliu/wk/accorde/3rdparty/modern-gpu-simulator-micro-2025/simulator-remodeled/gpu-simulator/gpgpu-sim/build/gcc-/cuda-12040/release/gpgpu-sim/visualizer.o -c visualizer.cc
In file included from stack.h:32,
                 from stack.cc:29:
../abstract_hardware_model.h: In function ‘void move_warp_uniptr_impl(std::unique_ptr<warp_inst_t>&, std::unique_ptr<warp_inst_t>&, const char*, int)’:
../abstract_hardware_model.h:2006:32: warning: format ‘%x’ expects argument of type ‘unsigned int’, but argument 2 has type ‘address_type’ {aka ‘long long unsigned int’} [-Wformat=]
 2006 |             printf("dst->pc = %x, src->pc = %x\n", dst->pc, src->pc);
      |                               ~^                   ~~~~~~~
      |                                |                        |
      |                                unsigned int             address_type {aka long long unsigned int}
      |                               %llx
../abstract_hardware_model.h:2006:46: warning: format ‘%x’ expects argument of type ‘unsigned int’, but argument 3 has type ‘address_type’ {aka ‘long long unsigned int’} [-Wformat=]
 2006 |             printf("dst->pc = %x, src->pc = %x\n", dst->pc, src->pc);
      |                                             ~^              ~~~~~~~
      |                                              |                   |
      |                                              unsigned int        address_type {aka long long unsigned int}
      |                                             %llx
In file included from mem_fetch.h:33,
                 from traffic_breakdown.cc:2:
../abstract_hardware_model.h: In function ‘void move_warp_uniptr_impl(std::unique_ptr<warp_inst_t>&, std::unique_ptr<warp_inst_t>&, const char*, int)’:
../abstract_hardware_model.h:2006:32: warning: format ‘%x’ expects argument of type ‘unsigned int’, but argument 2 has type ‘address_type’ {aka ‘long long unsigned int’} [-Wformat=]
 2006 |             printf("dst->pc = %x, src->pc = %x\n", dst->pc, src->pc);
      |                               ~^                   ~~~~~~~
      |                                |                        |
      |                                unsigned int             address_type {aka long long unsigned int}
      |                               %llx
../abstract_hardware_model.h:2006:46: warning: format ‘%x’ expects argument of type ‘unsigned int’, but argument 3 has type ‘address_type’ {aka ‘long long unsigned int’} [-Wformat=]
 2006 |             printf("dst->pc = %x, src->pc = %x\n", dst->pc, src->pc);
      |                                             ~^              ~~~~~~~
      |                                              |                   |
      |                                              unsigned int        address_type {aka long long unsigned int}
      |                                             %llx
In file included from l2cache.cc:38:
../abstract_hardware_model.h: In function ‘void move_warp_uniptr_impl(std::unique_ptr<warp_inst_t>&, std::unique_ptr<warp_inst_t>&, const char*, int)’:
../abstract_hardware_model.h:2006:32: warning: format ‘%x’ expects argument of type ‘unsigned int’, but argument 2 has type ‘address_type’ {aka ‘long long unsigned int’} [-Wformat=]
 2006 |             printf("dst->pc = %x, src->pc = %x\n", dst->pc, src->pc);
      |                               ~^                   ~~~~~~~
      |                                |                        |
      |                                unsigned int             address_type {aka long long unsigned int}
      |                               %llx
../abstract_hardware_model.h:2006:46: warning: format ‘%x’ expects argument of type ‘unsigned int’, but argument 3 has type ‘address_type’ {aka ‘long long unsigned int’} [-Wformat=]
 2006 |             printf("dst->pc = %x, src->pc = %x\n", dst->pc, src->pc);
      |                                             ~^              ~~~~~~~
      |                                              |                   |
      |                                              unsigned int        address_type {aka long long unsigned int}
      |                                             %llx
In file included from gpu-cache.h:36,
                 from gpu-cache.cc:32:
../abstract_hardware_model.h: In function ‘void move_warp_uniptr_impl(std::unique_ptr<warp_inst_t>&, std::unique_ptr<warp_inst_t>&, const char*, int)’:
../abstract_hardware_model.h:2006:32: warning: format ‘%x’ expects argument of type ‘unsigned int’, but argument 2 has type ‘address_type’ {aka ‘long long unsigned int’} [-Wformat=]
 2006 |             printf("dst->pc = %x, src->pc = %x\n", dst->pc, src->pc);
      |                               ~^                   ~~~~~~~
      |                                |                        |
      |                                unsigned int             address_type {aka long long unsigned int}
      |                               %llx
../abstract_hardware_model.h:2006:46: warning: format ‘%x’ expects argument of type ‘unsigned int’, but argument 3 has type ‘address_type’ {aka ‘long long unsigned int’} [-Wformat=]
 2006 |             printf("dst->pc = %x, src->pc = %x\n", dst->pc, src->pc);
      |                                             ~^              ~~~~~~~
      |                                              |                   |
      |                                              unsigned int        address_type {aka long long unsigned int}
      |                                             %llx
In file included from mem_fetch.h:33,
                 from mem_fetch.cc:29:
../abstract_hardware_model.h: In function ‘void move_warp_uniptr_impl(std::unique_ptr<warp_inst_t>&, std::unique_ptr<warp_inst_t>&, const char*, int)’:
../abstract_hardware_model.h:2006:32: warning: format ‘%x’ expects argument of type ‘unsigned int’, but argument 2 has type ‘address_type’ {aka ‘long long unsigned int’} [-Wformat=]
 2006 |             printf("dst->pc = %x, src->pc = %x\n", dst->pc, src->pc);
      |                               ~^                   ~~~~~~~
      |                                |                        |
      |                                unsigned int             address_type {aka long long unsigned int}
      |                               %llx
../abstract_hardware_model.h:2006:46: warning: format ‘%x’ expects argument of type ‘unsigned int’, but argument 3 has type ‘address_type’ {aka ‘long long unsigned int’} [-Wformat=]
 2006 |             printf("dst->pc = %x, src->pc = %x\n", dst->pc, src->pc);
      |                                             ~^              ~~~~~~~
      |                                              |                   |
      |                                              unsigned int        address_type {aka long long unsigned int}
      |                                             %llx
In file included from scoreboard_reads.h:40,
                 from scoreboard_reads.cc:30:
../abstract_hardware_model.h: In function ‘void move_warp_uniptr_impl(std::unique_ptr<warp_inst_t>&, std::unique_ptr<warp_inst_t>&, const char*, int)’:
../abstract_hardware_model.h:2006:32: warning: format ‘%x’ expects argument of type ‘unsigned int’, but argument 2 has type ‘address_type’ {aka ‘long long unsigned int’} [-Wformat=]
 2006 |             printf("dst->pc = %x, src->pc = %x\n", dst->pc, src->pc);
      |                               ~^                   ~~~~~~~
      |                                |                        |
      |                                unsigned int             address_type {aka long long unsigned int}
      |                               %llx
../abstract_hardware_model.h:2006:46: warning: format ‘%x’ expects argument of type ‘unsigned int’, but argument 3 has type ‘address_type’ {aka ‘long long unsigned int’} [-Wformat=]
 2006 |             printf("dst->pc = %x, src->pc = %x\n", dst->pc, src->pc);
      |                                             ~^              ~~~~~~~
      |                                              |                   |
      |                                              unsigned int        address_type {aka long long unsigned int}
      |                                             %llx
In file included from addrdec.h:37,
                 from addrdec.cc:29:
../abstract_hardware_model.h: In function ‘void move_warp_uniptr_impl(std::unique_ptr<warp_inst_t>&, std::unique_ptr<warp_inst_t>&, const char*, int)’:
../abstract_hardware_model.h:2006:32: warning: format ‘%x’ expects argument of type ‘unsigned int’, but argument 2 has type ‘address_type’ {aka ‘long long unsigned int’} [-Wformat=]
 2006 |             printf("dst->pc = %x, src->pc = %x\n", dst->pc, src->pc);
      |                               ~^                   ~~~~~~~
      |                                |                        |
      |                                unsigned int             address_type {aka long long unsigned int}
      |                               %llx
../abstract_hardware_model.h:2006:46: warning: format ‘%x’ expects argument of type ‘unsigned int’, but argument 3 has type ‘address_type’ {aka ‘long long unsigned int’} [-Wformat=]
 2006 |             printf("dst->pc = %x, src->pc = %x\n", dst->pc, src->pc);
      |                                             ~^              ~~~~~~~
      |                                              |                   |
      |                                              unsigned int        address_type {aka long long unsigned int}
      |                                             %llx
In file included from scoreboard.h:66,
                 from scoreboard.cc:57:
../abstract_hardware_model.h: In function ‘void move_warp_uniptr_impl(std::unique_ptr<warp_inst_t>&, std::unique_ptr<warp_inst_t>&, const char*, int)’:
../abstract_hardware_model.h:2006:32: warning: format ‘%x’ expects argument of type ‘unsigned int’, but argument 2 has type ‘address_type’ {aka ‘long long unsigned int’} [-Wformat=]
 2006 |             printf("dst->pc = %x, src->pc = %x\n", dst->pc, src->pc);
      |                               ~^                   ~~~~~~~
      |                                |                        |
      |                                unsigned int             address_type {aka long long unsigned int}
      |                               %llx
../abstract_hardware_model.h:2006:46: warning: format ‘%x’ expects argument of type ‘unsigned int’, but argument 3 has type ‘address_type’ {aka ‘long long unsigned int’} [-Wformat=]
 2006 |             printf("dst->pc = %x, src->pc = %x\n", dst->pc, src->pc);
      |                                             ~^              ~~~~~~~
      |                                              |                   |
      |                                              unsigned int        address_type {aka long long unsigned int}
      |                                             %llx
In file included from hashing.cc:6:
../abstract_hardware_model.h: In function ‘void move_warp_uniptr_impl(std::unique_ptr<warp_inst_t>&, std::unique_ptr<warp_inst_t>&, const char*, int)’:
../abstract_hardware_model.h:2006:32: warning: format ‘%x’ expects argument of type ‘unsigned int’, but argument 2 has type ‘address_type’ {aka ‘long long unsigned int’} [-Wformat=]
 2006 |             printf("dst->pc = %x, src->pc = %x\n", dst->pc, src->pc);
      |                               ~^                   ~~~~~~~
      |                                |                        |
      |                                unsigned int             address_type {aka long long unsigned int}
      |                               %llx
../abstract_hardware_model.h:2006:46: warning: format ‘%x’ expects argument of type ‘unsigned int’, but argument 3 has type ‘address_type’ {aka ‘long long unsigned int’} [-Wformat=]
 2006 |             printf("dst->pc = %x, src->pc = %x\n", dst->pc, src->pc);
      |                                             ~^              ~~~~~~~
      |                                              |                   |
      |                                              unsigned int        address_type {aka long long unsigned int}
      |                                             %llx
In file included from mem_latency_stat.cc:31:
../abstract_hardware_model.h: In function ‘void move_warp_uniptr_impl(std::unique_ptr<warp_inst_t>&, std::unique_ptr<warp_inst_t>&, const char*, int)’:
../abstract_hardware_model.h:2006:32: warning: format ‘%x’ expects argument of type ‘unsigned int’, but argument 2 has type ‘address_type’ {aka ‘long long unsigned int’} [-Wformat=]
 2006 |             printf("dst->pc = %x, src->pc = %x\n", dst->pc, src->pc);
      |                               ~^                   ~~~~~~~
      |                                |                        |
      |                                unsigned int             address_type {aka long long unsigned int}
      |                               %llx
../abstract_hardware_model.h:2006:46: warning: format ‘%x’ expects argument of type ‘unsigned int’, but argument 3 has type ‘address_type’ {aka ‘long long unsigned int’} [-Wformat=]
 2006 |             printf("dst->pc = %x, src->pc = %x\n", dst->pc, src->pc);
      |                                             ~^              ~~~~~~~
      |                                              |                   |
      |                                              unsigned int        address_type {aka long long unsigned int}
      |                                             %llx
In file included from stat-tool.h:32,
                 from stat-tool.cc:29:
../abstract_hardware_model.h: In function ‘void move_warp_uniptr_impl(std::unique_ptr<warp_inst_t>&, std::unique_ptr<warp_inst_t>&, const char*, int)’:
../abstract_hardware_model.h:2006:32: warning: format ‘%x’ expects argument of type ‘unsigned int’, but argument 2 has type ‘address_type’ {aka ‘long long unsigned int’} [-Wformat=]
 2006 |             printf("dst->pc = %x, src->pc = %x\n", dst->pc, src->pc);
      |                               ~^                   ~~~~~~~
      |                                |                        |
      |                                unsigned int             address_type {aka long long unsigned int}
      |                               %llx
../abstract_hardware_model.h:2006:46: warning: format ‘%x’ expects argument of type ‘unsigned int’, but argument 3 has type ‘address_type’ {aka ‘long long unsigned int’} [-Wformat=]
 2006 |             printf("dst->pc = %x, src->pc = %x\n", dst->pc, src->pc);
      |                                             ~^              ~~~~~~~
      |                                              |                   |
      |                                              unsigned int        address_type {aka long long unsigned int}
      |                                             %llx
In file included from result_bus.h:34,
                 from result_bus.cc:4:
../abstract_hardware_model.h: In function ‘void move_warp_uniptr_impl(std::unique_ptr<warp_inst_t>&, std::unique_ptr<warp_inst_t>&, const char*, int)’:
../abstract_hardware_model.h:2006:32: warning: format ‘%x’ expects argument of type ‘unsigned int’, but argument 2 has type ‘address_type’ {aka ‘long long unsigned int’} [-Wformat=]
 2006 |             printf("dst->pc = %x, src->pc = %x\n", dst->pc, src->pc);
      |                               ~^                   ~~~~~~~
      |                                |                        |
      |                                unsigned int             address_type {aka long long unsigned int}
      |                               %llx
../abstract_hardware_model.h:2006:46: warning: format ‘%x’ expects argument of type ‘unsigned int’, but argument 3 has type ‘address_type’ {aka ‘long long unsigned int’} [-Wformat=]
 2006 |             printf("dst->pc = %x, src->pc = %x\n", dst->pc, src->pc);
      |                                             ~^              ~~~~~~~
      |                                              |                   |
      |                                              unsigned int        address_type {aka long long unsigned int}
      |                                             %llx
In file included from shader.h:79,
                 from shader.cc:60:
../abstract_hardware_model.h: In function ‘void move_warp_uniptr_impl(std::unique_ptr<warp_inst_t>&, std::unique_ptr<warp_inst_t>&, const char*, int)’:
../abstract_hardware_model.h:2006:32: warning: format ‘%x’ expects argument of type ‘unsigned int’, but argument 2 has type ‘address_type’ {aka ‘long long unsigned int’} [-Wformat=]
 2006 |             printf("dst->pc = %x, src->pc = %x\n", dst->pc, src->pc);
      |                               ~^                   ~~~~~~~
      |                                |                        |
      |                                unsigned int             address_type {aka long long unsigned int}
      |                               %llx
../abstract_hardware_model.h:2006:46: warning: format ‘%x’ expects argument of type ‘unsigned int’, but argument 3 has type ‘address_type’ {aka ‘long long unsigned int’} [-Wformat=]
 2006 |             printf("dst->pc = %x, src->pc = %x\n", dst->pc, src->pc);
      |                                             ~^              ~~~~~~~
      |                                              |                   |
      |                                              unsigned int        address_type {aka long long unsigned int}
      |                                             %llx
In file included from gpu-sim.h:70,
                 from visualizer.cc:32:
../abstract_hardware_model.h: In function ‘void move_warp_uniptr_impl(std::unique_ptr<warp_inst_t>&, std::unique_ptr<warp_inst_t>&, const char*, int)’:
../abstract_hardware_model.h:2006:32: warning: format ‘%x’ expects argument of type ‘unsigned int’, but argument 2 has type ‘address_type’ {aka ‘long long unsigned int’} [-Wformat=]
 2006 |             printf("dst->pc = %x, src->pc = %x\n", dst->pc, src->pc);
      |                               ~^                   ~~~~~~~
      |                                |                        |
      |                                unsigned int             address_type {aka long long unsigned int}
      |                               %llx
../abstract_hardware_model.h:2006:46: warning: format ‘%x’ expects argument of type ‘unsigned int’, but argument 3 has type ‘address_type’ {aka ‘long long unsigned int’} [-Wformat=]
 2006 |             printf("dst->pc = %x, src->pc = %x\n", dst->pc, src->pc);
      |                                             ~^              ~~~~~~~
      |                                              |                   |
      |                                              unsigned int        address_type {aka long long unsigned int}
      |                                             %llx
In file included from gpu-sim.h:70,
                 from power_stat.h:36,
                 from power_stat.cc:31:
../abstract_hardware_model.h: In function ‘void move_warp_uniptr_impl(std::unique_ptr<warp_inst_t>&, std::unique_ptr<warp_inst_t>&, const char*, int)’:
../abstract_hardware_model.h:2006:32: warning: format ‘%x’ expects argument of type ‘unsigned int’, but argument 2 has type ‘address_type’ {aka ‘long long unsigned int’} [-Wformat=]
 2006 |             printf("dst->pc = %x, src->pc = %x\n", dst->pc, src->pc);
      |                               ~^                   ~~~~~~~
      |                                |                        |
      |                                unsigned int             address_type {aka long long unsigned int}
      |                               %llx
../abstract_hardware_model.h:2006:46: warning: format ‘%x’ expects argument of type ‘unsigned int’, but argument 3 has type ‘address_type’ {aka ‘long long unsigned int’} [-Wformat=]
 2006 |             printf("dst->pc = %x, src->pc = %x\n", dst->pc, src->pc);
      |                                             ~^              ~~~~~~~
      |                                              |                   |
      |                                              unsigned int        address_type {aka long long unsigned int}
      |                                             %llx
In file included from gpu-sim.h:70,
                 from gpu-sim.cc:60:
../abstract_hardware_model.h: In function ‘void move_warp_uniptr_impl(std::unique_ptr<warp_inst_t>&, std::unique_ptr<warp_inst_t>&, const char*, int)’:
../abstract_hardware_model.h:2006:32: warning: format ‘%x’ expects argument of type ‘unsigned int’, but argument 2 has type ‘address_type’ {aka ‘long long unsigned int’} [-Wformat=]
 2006 |             printf("dst->pc = %x, src->pc = %x\n", dst->pc, src->pc);
      |                               ~^                   ~~~~~~~
      |                                |                        |
      |                                unsigned int             address_type {aka long long unsigned int}
      |                               %llx
../abstract_hardware_model.h:2006:46: warning: format ‘%x’ expects argument of type ‘unsigned int’, but argument 3 has type ‘address_type’ {aka ‘long long unsigned int’} [-Wformat=]
 2006 |             printf("dst->pc = %x, src->pc = %x\n", dst->pc, src->pc);
      |                                             ~^              ~~~~~~~
      |                                              |                   |
      |                                              unsigned int        address_type {aka long long unsigned int}
      |                                             %llx
In file included from gpu-sim.h:70,
                 from dram_sched.h:36,
                 from dram.cc:33:
../abstract_hardware_model.h: In function ‘void move_warp_uniptr_impl(std::unique_ptr<warp_inst_t>&, std::unique_ptr<warp_inst_t>&, const char*, int)’:
../abstract_hardware_model.h:2006:32: warning: format ‘%x’ expects argument of type ‘unsigned int’, but argument 2 has type ‘address_type’ {aka ‘long long unsigned int’} [-Wformat=]
 2006 |             printf("dst->pc = %x, src->pc = %x\n", dst->pc, src->pc);
      |                               ~^                   ~~~~~~~
      |                                |                        |
      |                                unsigned int             address_type {aka long long unsigned int}
      |                               %llx
../abstract_hardware_model.h:2006:46: warning: format ‘%x’ expects argument of type ‘unsigned int’, but argument 3 has type ‘address_type’ {aka ‘long long unsigned int’} [-Wformat=]
 2006 |             printf("dst->pc = %x, src->pc = %x\n", dst->pc, src->pc);
      |                                             ~^              ~~~~~~~
      |                                              |                   |
      |                                              unsigned int        address_type {aka long long unsigned int}
      |                                             %llx
In file included from mem_fetch.h:33,
                 from local_interconnect.cc:38:
../abstract_hardware_model.h: In function ‘void move_warp_uniptr_impl(std::unique_ptr<warp_inst_t>&, std::unique_ptr<warp_inst_t>&, const char*, int)’:
../abstract_hardware_model.h:2006:32: warning: format ‘%x’ expects argument of type ‘unsigned int’, but argument 2 has type ‘address_type’ {aka ‘long long unsigned int’} [-Wformat=]
 2006 |             printf("dst->pc = %x, src->pc = %x\n", dst->pc, src->pc);
      |                               ~^                   ~~~~~~~
      |                                |                        |
      |                                unsigned int             address_type {aka long long unsigned int}
      |                               %llx
../abstract_hardware_model.h:2006:46: warning: format ‘%x’ expects argument of type ‘unsigned int’, but argument 3 has type ‘address_type’ {aka ‘long long unsigned int’} [-Wformat=]
 2006 |             printf("dst->pc = %x, src->pc = %x\n", dst->pc, src->pc);
      |                                             ~^              ~~~~~~~
      |                                              |                   |
      |                                              unsigned int        address_type {aka long long unsigned int}
      |                                             %llx
In file included from gpu-sim.h:70,
                 from dram_sched.h:36,
                 from dram_sched.cc:29:
../abstract_hardware_model.h: In function ‘void move_warp_uniptr_impl(std::unique_ptr<warp_inst_t>&, std::unique_ptr<warp_inst_t>&, const char*, int)’:
../abstract_hardware_model.h:2006:32: warning: format ‘%x’ expects argument of type ‘unsigned int’, but argument 2 has type ‘address_type’ {aka ‘long long unsigned int’} [-Wformat=]
 2006 |             printf("dst->pc = %x, src->pc = %x\n", dst->pc, src->pc);
      |                               ~^                   ~~~~~~~
      |                                |                        |
      |                                unsigned int             address_type {aka long long unsigned int}
      |                               %llx
../abstract_hardware_model.h:2006:46: warning: format ‘%x’ expects argument of type ‘unsigned int’, but argument 3 has type ‘address_type’ {aka ‘long long unsigned int’} [-Wformat=]
 2006 |             printf("dst->pc = %x, src->pc = %x\n", dst->pc, src->pc);
      |                                             ~^              ~~~~~~~
      |                                              |                   |
      |                                              unsigned int        address_type {aka long long unsigned int}
      |                                             %llx
gpu-sim.cc: In member function ‘PowerscalingCoefficients* gpgpu_sim::get_scaling_coeffs()’:
gpu-sim.cc:2374:30: error: ‘class gpgpu_sim_wrapper’ has no member named ‘get_scaling_coeffs’
 2374 |   return m_gpgpusim_wrapper->get_scaling_coeffs();
      |                              ^~~~~~~~~~~~~~~~~~
make[2]: *** [Makefile:96: /home/cliu/wk/accorde/3rdparty/modern-gpu-simulator-micro-2025/simulator-remodeled/gpu-simulator/gpgpu-sim/build/gcc-/cuda-12040/release/gpgpu-sim/gpu-sim.o] Error 1
make[2]: *** Waiting for unfinished jobs....
shader.cc: In member function ‘void opndcoll_rfu_t::allocate_cu(unsigned int)’:
shader.cc:4605:18: warning: ‘schd_id’ may be used uninitialized in this function [-Wmaybe-uninitialized]
 4605 |         unsigned schd_id;
      |                  ^~~~~~~
make[2]: Leaving directory '/home/cliu/wk/accorde/3rdparty/modern-gpu-simulator-micro-2025/simulator-remodeled/gpu-simulator/gpgpu-sim/src/gpgpu-sim'
make[1]: *** [Makefile:229: gpgpu-sim_uarch] Error 2
make[1]: Leaving directory '/home/cliu/wk/accorde/3rdparty/modern-gpu-simulator-micro-2025/simulator-remodeled/gpu-simulator/gpgpu-sim'
make: *** [Makefile:76: gpgpu-sim] Error 2
